,value,component,exp,Time
0,0.0,x-mom,real,2000-01-01 05:00:00
1,0.014010108076035976,x-mom,real,2000-01-01 05:00:00
2,0.13168512284755707,x-mom,real,2000-01-01 05:00:00
3,0.01166502945125103,x-mom,real,2000-01-01 05:00:00
4,13.503705024719238,x-mom,real,2000-01-01 05:00:00
5,87.54634094238281,x-mom,real,2000-01-01 05:00:00
6,279.1992492675781,x-mom,real,2000-01-01 05:00:00
7,-3.895352840423584,x-mom,real,2000-01-01 05:00:00
8,447.98876953125,x-mom,real,2000-01-01 05:00:00
9,-78.75439453125,x-mom,real,2000-01-01 05:00:00
10,256.88543701171875,x-mom,real,2000-01-01 05:00:00
11,364.23150634765625,x-mom,real,2000-01-01 05:00:00
12,-144.0518798828125,x-mom,real,2000-01-01 05:00:00
13,-373.2016906738281,x-mom,real,2000-01-01 05:00:00
14,-327.6322326660156,x-mom,real,2000-01-01 05:00:00
15,-305.998291015625,x-mom,real,2000-01-01 05:00:00
16,-450.6395568847656,x-mom,real,2000-01-01 05:00:00
17,-248.0303955078125,x-mom,real,2000-01-01 05:00:00
18,12.502805709838867,x-mom,real,2000-01-01 05:00:00
19,146.93739318847656,x-mom,real,2000-01-01 05:00:00
20,269.4636535644531,x-mom,real,2000-01-01 05:00:00
21,168.47286987304688,x-mom,real,2000-01-01 05:00:00
22,-65.1103744506836,x-mom,real,2000-01-01 05:00:00
23,-194.60299682617188,x-mom,real,2000-01-01 05:00:00
24,93.92220306396484,x-mom,real,2000-01-01 05:00:00
25,243.35946655273438,x-mom,real,2000-01-01 05:00:00
26,58.8853759765625,x-mom,real,2000-01-01 05:00:00
27,-229.4561004638672,x-mom,real,2000-01-01 05:00:00
28,228.9937744140625,x-mom,real,2000-01-01 05:00:00
29,637.2879638671875,x-mom,real,2000-01-01 05:00:00
30,482.7405700683594,x-mom,real,2000-01-01 05:00:00
31,409.8495178222656,x-mom,real,2000-01-01 05:00:00
32,337.2672119140625,x-mom,real,2000-01-01 05:00:00
33,405.40447998046875,x-mom,real,2000-01-01 05:00:00
34,-125.72952270507812,x-mom,real,2000-01-01 05:00:00
35,-484.6551818847656,x-mom,real,2000-01-01 05:00:00
36,-814.669189453125,x-mom,real,2000-01-01 05:00:00
37,-504.1896667480469,x-mom,real,2000-01-01 05:00:00
38,-102.05663299560547,x-mom,real,2000-01-01 05:00:00
39,122.55321502685547,x-mom,real,2000-01-01 05:00:00
40,-314.7333679199219,x-mom,real,2000-01-01 05:00:00
41,202.97201538085938,x-mom,real,2000-01-01 05:00:00
42,649.421875,x-mom,real,2000-01-01 05:00:00
43,328.8516540527344,x-mom,real,2000-01-01 05:00:00
44,26.895544052124023,x-mom,real,2000-01-01 05:00:00
45,-37.35991668701172,x-mom,real,2000-01-01 05:00:00
46,-214.7783966064453,x-mom,real,2000-01-01 05:00:00
47,-354.5118103027344,x-mom,real,2000-01-01 05:00:00
48,259.66082763671875,x-mom,real,2000-01-01 05:00:00
0,0.0,y-mom,real,2000-01-01 05:00:00
1,0.0068997228518128395,y-mom,real,2000-01-01 05:00:00
2,0.018934253603219986,y-mom,real,2000-01-01 05:00:00
3,0.014829053543508053,y-mom,real,2000-01-01 05:00:00
4,-0.033295657485723495,y-mom,real,2000-01-01 05:00:00
5,0.9164683818817139,y-mom,real,2000-01-01 05:00:00
6,5.934802055358887,y-mom,real,2000-01-01 05:00:00
7,6.063841819763184,y-mom,real,2000-01-01 05:00:00
8,0.4538653790950775,y-mom,real,2000-01-01 05:00:00
9,-1.696657419204712,y-mom,real,2000-01-01 05:00:00
10,-3.2461612224578857,y-mom,real,2000-01-01 05:00:00
11,-3.1847176551818848,y-mom,real,2000-01-01 05:00:00
12,0.24391162395477295,y-mom,real,2000-01-01 05:00:00
13,9.171960830688477,y-mom,real,2000-01-01 05:00:00
14,-8.915445327758789,y-mom,real,2000-01-01 05:00:00
15,-4.797234535217285,y-mom,real,2000-01-01 05:00:00
16,-5.137371063232422,y-mom,real,2000-01-01 05:00:00
17,3.4909889698028564,y-mom,real,2000-01-01 05:00:00
18,42.11038589477539,y-mom,real,2000-01-01 05:00:00
19,-9.7592191696167,y-mom,real,2000-01-01 05:00:00
20,-28.484086990356445,y-mom,real,2000-01-01 05:00:00
21,-1.2519525289535522,y-mom,real,2000-01-01 05:00:00
22,23.8830623626709,y-mom,real,2000-01-01 05:00:00
23,-19.266847610473633,y-mom,real,2000-01-01 05:00:00
24,-25.32615089416504,y-mom,real,2000-01-01 05:00:00
25,15.022411346435547,y-mom,real,2000-01-01 05:00:00
26,24.260337829589844,y-mom,real,2000-01-01 05:00:00
27,27.956192016601562,y-mom,real,2000-01-01 05:00:00
28,-26.21091079711914,y-mom,real,2000-01-01 05:00:00
29,-60.435890197753906,y-mom,real,2000-01-01 05:00:00
30,-23.919221878051758,y-mom,real,2000-01-01 05:00:00
31,-11.3827543258667,y-mom,real,2000-01-01 05:00:00
32,-16.481611251831055,y-mom,real,2000-01-01 05:00:00
33,-9.49710750579834,y-mom,real,2000-01-01 05:00:00
34,41.86724853515625,y-mom,real,2000-01-01 05:00:00
35,45.88666534423828,y-mom,real,2000-01-01 05:00:00
36,29.025264739990234,y-mom,real,2000-01-01 05:00:00
37,10.147851943969727,y-mom,real,2000-01-01 05:00:00
38,-28.683866500854492,y-mom,real,2000-01-01 05:00:00
39,45.99945068359375,y-mom,real,2000-01-01 05:00:00
40,18.834897994995117,y-mom,real,2000-01-01 05:00:00
41,28.805526733398438,y-mom,real,2000-01-01 05:00:00
42,134.2889404296875,y-mom,real,2000-01-01 05:00:00
43,41.041236877441406,y-mom,real,2000-01-01 05:00:00
44,20.632368087768555,y-mom,real,2000-01-01 05:00:00
45,-3.519500732421875,y-mom,real,2000-01-01 05:00:00
46,35.493690490722656,y-mom,real,2000-01-01 05:00:00
47,-59.07670593261719,y-mom,real,2000-01-01 05:00:00
48,-10.771530151367188,y-mom,real,2000-01-01 05:00:00
0,34.77954410601266,z-mom,real,2000-01-01 05:00:00
1,-233.24212816455696,z-mom,real,2000-01-01 05:00:00
2,-263.7723101265823,z-mom,real,2000-01-01 05:00:00
3,329.3839398734177,z-mom,real,2000-01-01 05:00:00
4,66.18802412974684,z-mom,real,2000-01-01 05:00:00
5,635.9573575949368,z-mom,real,2000-01-01 05:00:00
6,377.8076740506329,z-mom,real,2000-01-01 05:00:00
7,4.39169551028481,z-mom,real,2000-01-01 05:00:00
8,439.4161392405063,z-mom,real,2000-01-01 05:00:00
9,215.41099683544303,z-mom,real,2000-01-01 05:00:00
10,205.87741297468355,z-mom,real,2000-01-01 05:00:00
11,246.82363528481014,z-mom,real,2000-01-01 05:00:00
12,154.5314082278481,z-mom,real,2000-01-01 05:00:00
13,376.1314082278481,z-mom,real,2000-01-01 05:00:00
14,212.84889240506328,z-mom,real,2000-01-01 05:00:00
15,322.1888844936709,z-mom,real,2000-01-01 05:00:00
16,662.371756329114,z-mom,real,2000-01-01 05:00:00
17,719.7417721518988,z-mom,real,2000-01-01 05:00:00
18,596.2821202531645,z-mom,real,2000-01-01 05:00:00
19,503.75680379746836,z-mom,real,2000-01-01 05:00:00
20,543.2849287974684,z-mom,real,2000-01-01 05:00:00
21,277.74786392405065,z-mom,real,2000-01-01 05:00:00
22,591.4237341772152,z-mom,real,2000-01-01 05:00:00
23,799.2700949367089,z-mom,real,2000-01-01 05:00:00
24,747.8800632911392,z-mom,real,2000-01-01 05:00:00
25,698.2756329113924,z-mom,real,2000-01-01 05:00:00
26,586.3507120253165,z-mom,real,2000-01-01 05:00:00
27,452.03148734177216,z-mom,real,2000-01-01 05:00:00
28,275.6635878164557,z-mom,real,2000-01-01 05:00:00
29,185.7907832278481,z-mom,real,2000-01-01 05:00:00
30,330.8768591772152,z-mom,real,2000-01-01 05:00:00
31,482.1357594936709,z-mom,real,2000-01-01 05:00:00
32,522.1860759493671,z-mom,real,2000-01-01 05:00:00
33,582.5028085443038,z-mom,real,2000-01-01 05:00:00
34,618.4524920886076,z-mom,real,2000-01-01 05:00:00
35,355.1958860759494,z-mom,real,2000-01-01 05:00:00
36,167.6370055379747,z-mom,real,2000-01-01 05:00:00
37,181.85913765822784,z-mom,real,2000-01-01 05:00:00
38,84.30267009493672,z-mom,real,2000-01-01 05:00:00
39,351.59996044303796,z-mom,real,2000-01-01 05:00:00
40,262.1322389240506,z-mom,real,2000-01-01 05:00:00
41,270.2543710443038,z-mom,real,2000-01-01 05:00:00
42,-7.947191455696203,z-mom,real,2000-01-01 05:00:00
43,112.68588805379747,z-mom,real,2000-01-01 05:00:00
44,-217.42933148734178,z-mom,real,2000-01-01 05:00:00
45,-94.60087025316456,z-mom,real,2000-01-01 05:00:00
46,-11.462885680379747,z-mom,real,2000-01-01 05:00:00
47,-22.1185917721519,z-mom,real,2000-01-01 05:00:00
48,-173.2521756329114,z-mom,real,2000-01-01 05:00:00
0,0.0,x-press,real,2000-01-01 05:00:00
1,-7.033007136669767e-07,x-press,real,2000-01-01 05:00:00
2,-4.4281912892074615e-07,x-press,real,2000-01-01 05:00:00
3,-6.271750407904619e-06,x-press,real,2000-01-01 05:00:00
4,-1.0559931070019957e-05,x-press,real,2000-01-01 05:00:00
5,3.901170930475928e-05,x-press,real,2000-01-01 05:00:00
6,-7.753956742817536e-05,x-press,real,2000-01-01 05:00:00
7,0.00015658471966162324,x-press,real,2000-01-01 05:00:00
8,0.0002074932708637789,x-press,real,2000-01-01 05:00:00
9,0.00030036739190109074,x-press,real,2000-01-01 05:00:00
10,-5.1519393309718e-05,x-press,real,2000-01-01 05:00:00
11,2.6647938284440897e-05,x-press,real,2000-01-01 05:00:00
12,0.0003302726545371115,x-press,real,2000-01-01 05:00:00
13,-0.0002797216293402016,x-press,real,2000-01-01 05:00:00
14,1.5134049817788764e-06,x-press,real,2000-01-01 05:00:00
15,0.00015354881179518998,x-press,real,2000-01-01 05:00:00
16,0.0001506809057900682,x-press,real,2000-01-01 05:00:00
17,-2.7550506274565123e-05,x-press,real,2000-01-01 05:00:00
18,0.00033375012571923435,x-press,real,2000-01-01 05:00:00
19,-0.0005055228830315173,x-press,real,2000-01-01 05:00:00
20,-7.625148282386363e-05,x-press,real,2000-01-01 05:00:00
21,-0.000790938560385257,x-press,real,2000-01-01 05:00:00
22,8.192148925445508e-06,x-press,real,2000-01-01 05:00:00
23,0.0007749131182208657,x-press,real,2000-01-01 05:00:00
24,0.0001797487202566117,x-press,real,2000-01-01 05:00:00
25,-0.0002933389332611114,x-press,real,2000-01-01 05:00:00
26,-0.0001642630813876167,x-press,real,2000-01-01 05:00:00
27,0.00017119449330493808,x-press,real,2000-01-01 05:00:00
28,0.0003548524109646678,x-press,real,2000-01-01 05:00:00
29,0.00020566796592902392,x-press,real,2000-01-01 05:00:00
30,0.00010836953879334033,x-press,real,2000-01-01 05:00:00
31,0.0008293421124108136,x-press,real,2000-01-01 05:00:00
32,0.00025318897678516805,x-press,real,2000-01-01 05:00:00
33,0.0002364432148169726,x-press,real,2000-01-01 05:00:00
34,0.00020138044783379883,x-press,real,2000-01-01 05:00:00
35,-7.260018173838034e-05,x-press,real,2000-01-01 05:00:00
36,0.0006991324480623007,x-press,real,2000-01-01 05:00:00
37,0.0011176790576428175,x-press,real,2000-01-01 05:00:00
38,-3.89276938221883e-05,x-press,real,2000-01-01 05:00:00
39,1.7114954971475527e-05,x-press,real,2000-01-01 05:00:00
40,0.0009568628738634288,x-press,real,2000-01-01 05:00:00
41,0.0010780676966533065,x-press,real,2000-01-01 05:00:00
42,0.0006993766874074936,x-press,real,2000-01-01 05:00:00
43,0.00048462115228176117,x-press,real,2000-01-01 05:00:00
44,0.0004156963841523975,x-press,real,2000-01-01 05:00:00
45,0.0005245556239970028,x-press,real,2000-01-01 05:00:00
46,0.00023870680888649076,x-press,real,2000-01-01 05:00:00
47,0.0001544767728773877,x-press,real,2000-01-01 05:00:00
48,0.0008422652026638389,x-press,real,2000-01-01 05:00:00
0,-0.0,flux-divg,real,2000-01-01 05:00:00
1,-0.0034375950139685523,flux-divg,real,2000-01-01 05:00:00
2,-0.0018919826155071018,flux-divg,real,2000-01-01 05:00:00
3,5.367356698724368e-05,flux-divg,real,2000-01-01 05:00:00
4,0.0007869823871081389,flux-divg,real,2000-01-01 05:00:00
5,-0.00034911284241495187,flux-divg,real,2000-01-01 05:00:00
6,0.0022272256431096716,flux-divg,real,2000-01-01 05:00:00
7,0.0006937194495865062,flux-divg,real,2000-01-01 05:00:00
8,0.000160832627694818,flux-divg,real,2000-01-01 05:00:00
9,-3.116968082476257e-05,flux-divg,real,2000-01-01 05:00:00
10,0.0003310056642942789,flux-divg,real,2000-01-01 05:00:00
11,0.0006492221030706093,flux-divg,real,2000-01-01 05:00:00
12,1.626899236365209e-05,flux-divg,real,2000-01-01 05:00:00
13,0.00018148050622095036,flux-divg,real,2000-01-01 05:00:00
14,-0.00014837222908116598,flux-divg,real,2000-01-01 05:00:00
15,0.00027451517998417695,flux-divg,real,2000-01-01 05:00:00
16,-0.00037032866465894475,flux-divg,real,2000-01-01 05:00:00
17,-0.0003769907137713855,flux-divg,real,2000-01-01 05:00:00
18,-0.0007456241404859325,flux-divg,real,2000-01-01 05:00:00
19,-0.0005055127880241295,flux-divg,real,2000-01-01 05:00:00
20,0.0003776264972928205,flux-divg,real,2000-01-01 05:00:00
21,-7.068082785304597e-05,flux-divg,real,2000-01-01 05:00:00
22,0.0003401542103441457,flux-divg,real,2000-01-01 05:00:00
23,0.0006943081008331689,flux-divg,real,2000-01-01 05:00:00
24,-5.38520909562834e-06,flux-divg,real,2000-01-01 05:00:00
25,0.00012555631613429607,flux-divg,real,2000-01-01 05:00:00
26,-0.0002833296802375891,flux-divg,real,2000-01-01 05:00:00
27,0.0007132384635828721,flux-divg,real,2000-01-01 05:00:00
28,-9.662079243720356e-05,flux-divg,real,2000-01-01 05:00:00
29,0.000408692182709899,flux-divg,real,2000-01-01 05:00:00
30,0.000994440655285799,flux-divg,real,2000-01-01 05:00:00
31,0.0016029384332970729,flux-divg,real,2000-01-01 05:00:00
32,0.0019531642324713207,flux-divg,real,2000-01-01 05:00:00
33,0.0016348622536961034,flux-divg,real,2000-01-01 05:00:00
34,0.0019504507253139836,flux-divg,real,2000-01-01 05:00:00
35,0.00022516842612737341,flux-divg,real,2000-01-01 05:00:00
36,-0.0009310225663004043,flux-divg,real,2000-01-01 05:00:00
37,-0.002100311754443977,flux-divg,real,2000-01-01 05:00:00
38,-0.00043126585368868687,flux-divg,real,2000-01-01 05:00:00
39,0.0004415600817716574,flux-divg,real,2000-01-01 05:00:00
40,0.0004614835058284714,flux-divg,real,2000-01-01 05:00:00
41,-0.0016825980502744265,flux-divg,real,2000-01-01 05:00:00
42,-0.0010309758014920391,flux-divg,real,2000-01-01 05:00:00
43,-0.00027776166795175284,flux-divg,real,2000-01-01 05:00:00
44,-0.0006973574462118029,flux-divg,real,2000-01-01 05:00:00
45,0.0003085380467282066,flux-divg,real,2000-01-01 05:00:00
46,-0.0007338610781898982,flux-divg,real,2000-01-01 05:00:00
47,-0.0003813467272022102,flux-divg,real,2000-01-01 05:00:00
48,3.8014839268937895e-05,flux-divg,real,2000-01-01 05:00:00
0,0.0,x-mom,stable,2000-01-01 05:00:00
1,0.01040883082896471,x-mom,stable,2000-01-01 05:00:00
2,0.03905584663152695,x-mom,stable,2000-01-01 05:00:00
3,-0.2047421634197235,x-mom,stable,2000-01-01 05:00:00
4,-1.3577271699905396,x-mom,stable,2000-01-01 05:00:00
5,-1.4068055152893066,x-mom,stable,2000-01-01 05:00:00
6,-18.55242156982422,x-mom,stable,2000-01-01 05:00:00
7,47.24755859375,x-mom,stable,2000-01-01 05:00:00
8,122.91110229492188,x-mom,stable,2000-01-01 05:00:00
9,-124.27604675292969,x-mom,stable,2000-01-01 05:00:00
10,-74.31578826904297,x-mom,stable,2000-01-01 05:00:00
11,58.62968444824219,x-mom,stable,2000-01-01 05:00:00
12,283.2286071777344,x-mom,stable,2000-01-01 05:00:00
13,39.77650833129883,x-mom,stable,2000-01-01 05:00:00
14,-47.782230377197266,x-mom,stable,2000-01-01 05:00:00
15,-16.44643211364746,x-mom,stable,2000-01-01 05:00:00
16,-173.0163116455078,x-mom,stable,2000-01-01 05:00:00
17,51.26272964477539,x-mom,stable,2000-01-01 05:00:00
18,157.82363891601562,x-mom,stable,2000-01-01 05:00:00
19,57.81407165527344,x-mom,stable,2000-01-01 05:00:00
20,-62.24002456665039,x-mom,stable,2000-01-01 05:00:00
21,104.64482116699219,x-mom,stable,2000-01-01 05:00:00
22,221.84983825683594,x-mom,stable,2000-01-01 05:00:00
23,211.1068878173828,x-mom,stable,2000-01-01 05:00:00
24,56.6119384765625,x-mom,stable,2000-01-01 05:00:00
25,-259.62420654296875,x-mom,stable,2000-01-01 05:00:00
26,-420.6843566894531,x-mom,stable,2000-01-01 05:00:00
27,-294.3106384277344,x-mom,stable,2000-01-01 05:00:00
28,-155.16969299316406,x-mom,stable,2000-01-01 05:00:00
29,-15.018332481384277,x-mom,stable,2000-01-01 05:00:00
30,-189.97633361816406,x-mom,stable,2000-01-01 05:00:00
31,-137.34747314453125,x-mom,stable,2000-01-01 05:00:00
32,-155.99716186523438,x-mom,stable,2000-01-01 05:00:00
33,-225.26834106445312,x-mom,stable,2000-01-01 05:00:00
34,-220.2457275390625,x-mom,stable,2000-01-01 05:00:00
35,-377.7223815917969,x-mom,stable,2000-01-01 05:00:00
36,-377.9849853515625,x-mom,stable,2000-01-01 05:00:00
37,-232.97589111328125,x-mom,stable,2000-01-01 05:00:00
38,-192.81097412109375,x-mom,stable,2000-01-01 05:00:00
39,-145.93043518066406,x-mom,stable,2000-01-01 05:00:00
40,4.935218334197998,x-mom,stable,2000-01-01 05:00:00
41,-55.61701202392578,x-mom,stable,2000-01-01 05:00:00
42,-159.09718322753906,x-mom,stable,2000-01-01 05:00:00
43,-196.2315673828125,x-mom,stable,2000-01-01 05:00:00
44,-285.8125915527344,x-mom,stable,2000-01-01 05:00:00
45,-361.9157409667969,x-mom,stable,2000-01-01 05:00:00
46,-367.8785705566406,x-mom,stable,2000-01-01 05:00:00
47,-320.94757080078125,x-mom,stable,2000-01-01 05:00:00
48,-255.25592041015625,x-mom,stable,2000-01-01 05:00:00
0,0.0,y-mom,stable,2000-01-01 05:00:00
1,0.0016602461691945791,y-mom,stable,2000-01-01 05:00:00
2,0.012254963628947735,y-mom,stable,2000-01-01 05:00:00
3,0.030538303777575493,y-mom,stable,2000-01-01 05:00:00
4,0.04915156587958336,y-mom,stable,2000-01-01 05:00:00
5,0.07711471617221832,y-mom,stable,2000-01-01 05:00:00
6,-1.9313157796859741,y-mom,stable,2000-01-01 05:00:00
7,3.9110798835754395,y-mom,stable,2000-01-01 05:00:00
8,4.5796709060668945,y-mom,stable,2000-01-01 05:00:00
9,4.697310447692871,y-mom,stable,2000-01-01 05:00:00
10,0.28758567571640015,y-mom,stable,2000-01-01 05:00:00
11,-23.469253540039062,y-mom,stable,2000-01-01 05:00:00
12,-18.316059112548828,y-mom,stable,2000-01-01 05:00:00
13,-17.122039794921875,y-mom,stable,2000-01-01 05:00:00
14,18.89038848876953,y-mom,stable,2000-01-01 05:00:00
15,15.028404235839844,y-mom,stable,2000-01-01 05:00:00
16,-7.438344955444336,y-mom,stable,2000-01-01 05:00:00
17,16.80167007446289,y-mom,stable,2000-01-01 05:00:00
18,0.2832666039466858,y-mom,stable,2000-01-01 05:00:00
19,2.7358031272888184,y-mom,stable,2000-01-01 05:00:00
20,-9.508525848388672,y-mom,stable,2000-01-01 05:00:00
21,-4.923678398132324,y-mom,stable,2000-01-01 05:00:00
22,23.231348037719727,y-mom,stable,2000-01-01 05:00:00
23,34.58039093017578,y-mom,stable,2000-01-01 05:00:00
24,24.902366638183594,y-mom,stable,2000-01-01 05:00:00
25,12.907782554626465,y-mom,stable,2000-01-01 05:00:00
26,11.703045845031738,y-mom,stable,2000-01-01 05:00:00
27,6.071526527404785,y-mom,stable,2000-01-01 05:00:00
28,13.105834007263184,y-mom,stable,2000-01-01 05:00:00
29,6.892124652862549,y-mom,stable,2000-01-01 05:00:00
30,5.812358379364014,y-mom,stable,2000-01-01 05:00:00
31,10.961077690124512,y-mom,stable,2000-01-01 05:00:00
32,-6.38551139831543,y-mom,stable,2000-01-01 05:00:00
33,-3.415637254714966,y-mom,stable,2000-01-01 05:00:00
34,-3.968947410583496,y-mom,stable,2000-01-01 05:00:00
35,-1.7455482482910156,y-mom,stable,2000-01-01 05:00:00
36,3.509324789047241,y-mom,stable,2000-01-01 05:00:00
37,0.33230382204055786,y-mom,stable,2000-01-01 05:00:00
38,12.525260925292969,y-mom,stable,2000-01-01 05:00:00
39,12.886198997497559,y-mom,stable,2000-01-01 05:00:00
40,12.605478286743164,y-mom,stable,2000-01-01 05:00:00
41,5.2048845291137695,y-mom,stable,2000-01-01 05:00:00
42,4.719905853271484,y-mom,stable,2000-01-01 05:00:00
43,2.063605546951294,y-mom,stable,2000-01-01 05:00:00
44,8.598291397094727,y-mom,stable,2000-01-01 05:00:00
45,3.848278045654297,y-mom,stable,2000-01-01 05:00:00
46,10.529330253601074,y-mom,stable,2000-01-01 05:00:00
47,13.554661750793457,y-mom,stable,2000-01-01 05:00:00
48,8.078950881958008,y-mom,stable,2000-01-01 05:00:00
0,35.9933964596519,z-mom,stable,2000-01-01 05:00:00
1,39.03424396756329,z-mom,stable,2000-01-01 05:00:00
2,-39.216584256329114,z-mom,stable,2000-01-01 05:00:00
3,96.08318829113924,z-mom,stable,2000-01-01 05:00:00
4,68.44238034018987,z-mom,stable,2000-01-01 05:00:00
5,-155.93169501582278,z-mom,stable,2000-01-01 05:00:00
6,-325.9416930379747,z-mom,stable,2000-01-01 05:00:00
7,-74.25849485759494,z-mom,stable,2000-01-01 05:00:00
8,-52.430790150316454,z-mom,stable,2000-01-01 05:00:00
9,-147.11446795886076,z-mom,stable,2000-01-01 05:00:00
10,-146.70066257911392,z-mom,stable,2000-01-01 05:00:00
11,-68.43496835443038,z-mom,stable,2000-01-01 05:00:00
12,-260.3098892405063,z-mom,stable,2000-01-01 05:00:00
13,-177.10118670886075,z-mom,stable,2000-01-01 05:00:00
14,-341.4892800632911,z-mom,stable,2000-01-01 05:00:00
15,-235.80419303797467,z-mom,stable,2000-01-01 05:00:00
16,-336.6700158227848,z-mom,stable,2000-01-01 05:00:00
17,-271.85007911392404,z-mom,stable,2000-01-01 05:00:00
18,-499.2590189873418,z-mom,stable,2000-01-01 05:00:00
19,-346.91052215189876,z-mom,stable,2000-01-01 05:00:00
20,-401.59818037974685,z-mom,stable,2000-01-01 05:00:00
21,-299.81904667721517,z-mom,stable,2000-01-01 05:00:00
22,-274.8435719936709,z-mom,stable,2000-01-01 05:00:00
23,-302.9870846518987,z-mom,stable,2000-01-01 05:00:00
24,-415.9505933544304,z-mom,stable,2000-01-01 05:00:00
25,-433.7642405063291,z-mom,stable,2000-01-01 05:00:00
26,-488.90822784810126,z-mom,stable,2000-01-01 05:00:00
27,-351.76946202531644,z-mom,stable,2000-01-01 05:00:00
28,-288.5576542721519,z-mom,stable,2000-01-01 05:00:00
29,-132.1032832278481,z-mom,stable,2000-01-01 05:00:00
30,-111.26888844936708,z-mom,stable,2000-01-01 05:00:00
31,-107.75360957278481,z-mom,stable,2000-01-01 05:00:00
32,-166.94762658227847,z-mom,stable,2000-01-01 05:00:00
33,-124.93088409810126,z-mom,stable,2000-01-01 05:00:00
34,-84.54252373417721,z-mom,stable,2000-01-01 05:00:00
35,-60.58524525316456,z-mom,stable,2000-01-01 05:00:00
36,-113.23888449367088,z-mom,stable,2000-01-01 05:00:00
37,-124.12320015822785,z-mom,stable,2000-01-01 05:00:00
38,-53.49342365506329,z-mom,stable,2000-01-01 05:00:00
39,-5.3444348299050635,z-mom,stable,2000-01-01 05:00:00
40,-42.10188884493671,z-mom,stable,2000-01-01 05:00:00
41,-31.91632713607595,z-mom,stable,2000-01-01 05:00:00
42,-16.037009246439872,z-mom,stable,2000-01-01 05:00:00
43,-40.16502175632911,z-mom,stable,2000-01-01 05:00:00
44,32.3766366693038,z-mom,stable,2000-01-01 05:00:00
45,-14.056570164161393,z-mom,stable,2000-01-01 05:00:00
46,-69.18754944620254,z-mom,stable,2000-01-01 05:00:00
47,-22.99980715981013,z-mom,stable,2000-01-01 05:00:00
48,-31.374461036392404,z-mom,stable,2000-01-01 05:00:00
0,0.0,x-press,stable,2000-01-01 05:00:00
1,1.5348889519373188e-06,x-press,stable,2000-01-01 05:00:00
2,2.9284665288287215e-06,x-press,stable,2000-01-01 05:00:00
3,1.971195888472721e-05,x-press,stable,2000-01-01 05:00:00
4,-1.31543242787302e-06,x-press,stable,2000-01-01 05:00:00
5,-2.0080538888578303e-05,x-press,stable,2000-01-01 05:00:00
6,-0.00015998333401512355,x-press,stable,2000-01-01 05:00:00
7,-4.969146175426431e-05,x-press,stable,2000-01-01 05:00:00
8,-3.754649151233025e-05,x-press,stable,2000-01-01 05:00:00
9,-0.00013329634384717792,x-press,stable,2000-01-01 05:00:00
10,-0.000751878134906292,x-press,stable,2000-01-01 05:00:00
11,9.666089317761362e-05,x-press,stable,2000-01-01 05:00:00
12,6.665273394901305e-05,x-press,stable,2000-01-01 05:00:00
13,0.0004195299989078194,x-press,stable,2000-01-01 05:00:00
14,-0.0006607745308429003,x-press,stable,2000-01-01 05:00:00
15,-0.00125980656594038,x-press,stable,2000-01-01 05:00:00
16,-0.0005678033921867609,x-press,stable,2000-01-01 05:00:00
17,-5.6615066569065675e-05,x-press,stable,2000-01-01 05:00:00
18,0.00040048357914201915,x-press,stable,2000-01-01 05:00:00
19,-0.0003067485522478819,x-press,stable,2000-01-01 05:00:00
20,-0.00034836638951674104,x-press,stable,2000-01-01 05:00:00
21,-0.00017937427037395537,x-press,stable,2000-01-01 05:00:00
22,-3.5464596294332296e-05,x-press,stable,2000-01-01 05:00:00
23,-0.000537397398147732,x-press,stable,2000-01-01 05:00:00
24,-0.00040828308556228876,x-press,stable,2000-01-01 05:00:00
25,-0.00020861531083937734,x-press,stable,2000-01-01 05:00:00
26,-0.0004974909243173897,x-press,stable,2000-01-01 05:00:00
27,3.100644244113937e-05,x-press,stable,2000-01-01 05:00:00
28,-0.0004858571628574282,x-press,stable,2000-01-01 05:00:00
29,-0.0003679532965179533,x-press,stable,2000-01-01 05:00:00
30,-0.001185816596262157,x-press,stable,2000-01-01 05:00:00
31,-0.0009278777870349586,x-press,stable,2000-01-01 05:00:00
32,-0.00047576476936228573,x-press,stable,2000-01-01 05:00:00
33,-0.0005590193904936314,x-press,stable,2000-01-01 05:00:00
34,-0.0004998788353987038,x-press,stable,2000-01-01 05:00:00
35,-0.0005155449034646153,x-press,stable,2000-01-01 05:00:00
36,-0.00022044182696845382,x-press,stable,2000-01-01 05:00:00
37,-0.00047837154124863446,x-press,stable,2000-01-01 05:00:00
38,-0.0005904047866351902,x-press,stable,2000-01-01 05:00:00
39,-0.0006350988405756652,x-press,stable,2000-01-01 05:00:00
40,-0.0007088783313520253,x-press,stable,2000-01-01 05:00:00
41,-0.0007804738124832511,x-press,stable,2000-01-01 05:00:00
42,-0.00045207462972030044,x-press,stable,2000-01-01 05:00:00
43,-0.0007112227031029761,x-press,stable,2000-01-01 05:00:00
44,-0.0003317619557492435,x-press,stable,2000-01-01 05:00:00
45,-0.0005392904276959598,x-press,stable,2000-01-01 05:00:00
46,-0.0004554048937279731,x-press,stable,2000-01-01 05:00:00
47,0.00043687678407877684,x-press,stable,2000-01-01 05:00:00
48,0.0003277238574810326,x-press,stable,2000-01-01 05:00:00
0,-0.0,flux-divg,stable,2000-01-01 05:00:00
1,1.483358503896981e-05,flux-divg,stable,2000-01-01 05:00:00
2,0.0005635012006156055,flux-divg,stable,2000-01-01 05:00:00
3,0.000878342408771756,flux-divg,stable,2000-01-01 05:00:00
4,0.0009151332150229923,flux-divg,stable,2000-01-01 05:00:00
5,0.0011086475449574144,flux-divg,stable,2000-01-01 05:00:00
6,0.00130541467594195,flux-divg,stable,2000-01-01 05:00:00
7,0.0016387983027590979,flux-divg,stable,2000-01-01 05:00:00
8,0.0009368300812153878,flux-divg,stable,2000-01-01 05:00:00
9,0.0009446702865407437,flux-divg,stable,2000-01-01 05:00:00
10,0.0006743536299693433,flux-divg,stable,2000-01-01 05:00:00
11,0.0002179172100598299,flux-divg,stable,2000-01-01 05:00:00
12,0.0005083804166769679,flux-divg,stable,2000-01-01 05:00:00
13,0.0007894461020940466,flux-divg,stable,2000-01-01 05:00:00
14,0.0008440627530254895,flux-divg,stable,2000-01-01 05:00:00
15,0.000901842122138301,flux-divg,stable,2000-01-01 05:00:00
16,0.0008162535075899924,flux-divg,stable,2000-01-01 05:00:00
17,0.0003978416114517406,flux-divg,stable,2000-01-01 05:00:00
18,-0.00014911675344539597,flux-divg,stable,2000-01-01 05:00:00
19,0.00043966449592686905,flux-divg,stable,2000-01-01 05:00:00
20,0.00016963085850582845,flux-divg,stable,2000-01-01 05:00:00
21,0.00033191997190065026,flux-divg,stable,2000-01-01 05:00:00
22,0.00016664964844908902,flux-divg,stable,2000-01-01 05:00:00
23,-2.4702818182450293e-05,flux-divg,stable,2000-01-01 05:00:00
24,8.756137461601931e-05,flux-divg,stable,2000-01-01 05:00:00
25,0.0003563250626189799,flux-divg,stable,2000-01-01 05:00:00
26,-0.0002567200817639315,flux-divg,stable,2000-01-01 05:00:00
27,-4.964897010899794e-05,flux-divg,stable,2000-01-01 05:00:00
28,-0.00042574560286123543,flux-divg,stable,2000-01-01 05:00:00
29,-0.00022572416522834875,flux-divg,stable,2000-01-01 05:00:00
30,0.00013112993843947786,flux-divg,stable,2000-01-01 05:00:00
31,-0.00016140661191336715,flux-divg,stable,2000-01-01 05:00:00
32,-0.0002761146750631212,flux-divg,stable,2000-01-01 05:00:00
33,-0.00046818731211408784,flux-divg,stable,2000-01-01 05:00:00
34,-0.00045367577758016465,flux-divg,stable,2000-01-01 05:00:00
35,-0.000521610323749011,flux-divg,stable,2000-01-01 05:00:00
36,-0.0004731760855566097,flux-divg,stable,2000-01-01 05:00:00
37,-0.00033327292828620237,flux-divg,stable,2000-01-01 05:00:00
38,-0.00048457501761520964,flux-divg,stable,2000-01-01 05:00:00
39,-0.00020407150606565838,flux-divg,stable,2000-01-01 05:00:00
40,-0.0005088365030892288,flux-divg,stable,2000-01-01 05:00:00
41,-0.0007746313742142689,flux-divg,stable,2000-01-01 05:00:00
42,-0.0002305000487460366,flux-divg,stable,2000-01-01 05:00:00
43,-0.0005125753842124456,flux-divg,stable,2000-01-01 05:00:00
44,-0.0006044656275495697,flux-divg,stable,2000-01-01 05:00:00
45,-0.0009342677722399748,flux-divg,stable,2000-01-01 05:00:00
46,-0.001363356305858757,flux-divg,stable,2000-01-01 05:00:00
47,-0.0011924872251100175,flux-divg,stable,2000-01-01 05:00:00
48,-0.0011316363728197314,flux-divg,stable,2000-01-01 05:00:00
0,0.0,x-mom,neutstab,2000-01-01 05:00:00
1,-0.00103718601167202,x-mom,neutstab,2000-01-01 05:00:00
2,-0.018833313137292862,x-mom,neutstab,2000-01-01 05:00:00
3,-0.22393660247325897,x-mom,neutstab,2000-01-01 05:00:00
4,-7.7291178703308105,x-mom,neutstab,2000-01-01 05:00:00
5,21.893346786499023,x-mom,neutstab,2000-01-01 05:00:00
6,-44.83707046508789,x-mom,neutstab,2000-01-01 05:00:00
7,-327.8446960449219,x-mom,neutstab,2000-01-01 05:00:00
8,233.8987579345703,x-mom,neutstab,2000-01-01 05:00:00
9,225.78997802734375,x-mom,neutstab,2000-01-01 05:00:00
10,-134.21514892578125,x-mom,neutstab,2000-01-01 05:00:00
11,-644.0897827148438,x-mom,neutstab,2000-01-01 05:00:00
12,-542.7034301757812,x-mom,neutstab,2000-01-01 05:00:00
13,-623.1722412109375,x-mom,neutstab,2000-01-01 05:00:00
14,-529.4820556640625,x-mom,neutstab,2000-01-01 05:00:00
15,-318.74505615234375,x-mom,neutstab,2000-01-01 05:00:00
16,-152.35787963867188,x-mom,neutstab,2000-01-01 05:00:00
17,-109.8456802368164,x-mom,neutstab,2000-01-01 05:00:00
18,202.98182678222656,x-mom,neutstab,2000-01-01 05:00:00
19,430.9544372558594,x-mom,neutstab,2000-01-01 05:00:00
20,-7.5437140464782715,x-mom,neutstab,2000-01-01 05:00:00
21,-324.3691711425781,x-mom,neutstab,2000-01-01 05:00:00
22,293.22406005859375,x-mom,neutstab,2000-01-01 05:00:00
23,229.3916473388672,x-mom,neutstab,2000-01-01 05:00:00
24,170.4813690185547,x-mom,neutstab,2000-01-01 05:00:00
25,259.7916259765625,x-mom,neutstab,2000-01-01 05:00:00
26,-47.42472457885742,x-mom,neutstab,2000-01-01 05:00:00
27,-564.2367553710938,x-mom,neutstab,2000-01-01 05:00:00
28,-227.34213256835938,x-mom,neutstab,2000-01-01 05:00:00
29,-187.7393798828125,x-mom,neutstab,2000-01-01 05:00:00
30,42.85898208618164,x-mom,neutstab,2000-01-01 05:00:00
31,-214.39515686035156,x-mom,neutstab,2000-01-01 05:00:00
32,-464.99481201171875,x-mom,neutstab,2000-01-01 05:00:00
33,-234.14405822753906,x-mom,neutstab,2000-01-01 05:00:00
34,-47.30074691772461,x-mom,neutstab,2000-01-01 05:00:00
35,-137.91305541992188,x-mom,neutstab,2000-01-01 05:00:00
36,678.3969116210938,x-mom,neutstab,2000-01-01 05:00:00
37,246.08436584472656,x-mom,neutstab,2000-01-01 05:00:00
38,221.84825134277344,x-mom,neutstab,2000-01-01 05:00:00
39,-32.5335578918457,x-mom,neutstab,2000-01-01 05:00:00
40,-48.1031494140625,x-mom,neutstab,2000-01-01 05:00:00
41,-373.82940673828125,x-mom,neutstab,2000-01-01 05:00:00
42,-327.509521484375,x-mom,neutstab,2000-01-01 05:00:00
43,-217.5691680908203,x-mom,neutstab,2000-01-01 05:00:00
44,-57.633033752441406,x-mom,neutstab,2000-01-01 05:00:00
45,-53.03702163696289,x-mom,neutstab,2000-01-01 05:00:00
46,-16.655643463134766,x-mom,neutstab,2000-01-01 05:00:00
47,319.49505615234375,x-mom,neutstab,2000-01-01 05:00:00
48,289.98492431640625,x-mom,neutstab,2000-01-01 05:00:00
0,0.0,y-mom,neutstab,2000-01-01 05:00:00
1,0.0021463888697326183,y-mom,neutstab,2000-01-01 05:00:00
2,-0.0010480909841135144,y-mom,neutstab,2000-01-01 05:00:00
3,-0.014331906102597713,y-mom,neutstab,2000-01-01 05:00:00
4,-0.27136263251304626,y-mom,neutstab,2000-01-01 05:00:00
5,-0.7599214911460876,y-mom,neutstab,2000-01-01 05:00:00
6,-33.748878479003906,y-mom,neutstab,2000-01-01 05:00:00
7,4.443253517150879,y-mom,neutstab,2000-01-01 05:00:00
8,24.640735626220703,y-mom,neutstab,2000-01-01 05:00:00
9,-51.417938232421875,y-mom,neutstab,2000-01-01 05:00:00
10,-29.827728271484375,y-mom,neutstab,2000-01-01 05:00:00
11,47.01984405517578,y-mom,neutstab,2000-01-01 05:00:00
12,7.863888263702393,y-mom,neutstab,2000-01-01 05:00:00
13,6.1124725341796875,y-mom,neutstab,2000-01-01 05:00:00
14,-41.6741943359375,y-mom,neutstab,2000-01-01 05:00:00
15,57.93089294433594,y-mom,neutstab,2000-01-01 05:00:00
16,-2.4308900833129883,y-mom,neutstab,2000-01-01 05:00:00
17,23.758806228637695,y-mom,neutstab,2000-01-01 05:00:00
18,9.85615062713623,y-mom,neutstab,2000-01-01 05:00:00
19,4.083637714385986,y-mom,neutstab,2000-01-01 05:00:00
20,59.912593841552734,y-mom,neutstab,2000-01-01 05:00:00
21,-46.36513137817383,y-mom,neutstab,2000-01-01 05:00:00
22,39.68659210205078,y-mom,neutstab,2000-01-01 05:00:00
23,-29.163148880004883,y-mom,neutstab,2000-01-01 05:00:00
24,-64.22705841064453,y-mom,neutstab,2000-01-01 05:00:00
25,-9.045915603637695,y-mom,neutstab,2000-01-01 05:00:00
26,-43.43349075317383,y-mom,neutstab,2000-01-01 05:00:00
27,32.122798919677734,y-mom,neutstab,2000-01-01 05:00:00
28,21.171499252319336,y-mom,neutstab,2000-01-01 05:00:00
29,-41.769248962402344,y-mom,neutstab,2000-01-01 05:00:00
30,23.295928955078125,y-mom,neutstab,2000-01-01 05:00:00
31,-23.448152542114258,y-mom,neutstab,2000-01-01 05:00:00
32,-53.302085876464844,y-mom,neutstab,2000-01-01 05:00:00
33,-19.485477447509766,y-mom,neutstab,2000-01-01 05:00:00
34,-34.6339111328125,y-mom,neutstab,2000-01-01 05:00:00
35,-28.363628387451172,y-mom,neutstab,2000-01-01 05:00:00
36,52.04277038574219,y-mom,neutstab,2000-01-01 05:00:00
37,30.502960205078125,y-mom,neutstab,2000-01-01 05:00:00
38,44.26971435546875,y-mom,neutstab,2000-01-01 05:00:00
39,-17.166805267333984,y-mom,neutstab,2000-01-01 05:00:00
40,10.47877311706543,y-mom,neutstab,2000-01-01 05:00:00
41,-11.946134567260742,y-mom,neutstab,2000-01-01 05:00:00
42,14.236136436462402,y-mom,neutstab,2000-01-01 05:00:00
43,39.792152404785156,y-mom,neutstab,2000-01-01 05:00:00
44,-12.50623607635498,y-mom,neutstab,2000-01-01 05:00:00
45,-47.10051727294922,y-mom,neutstab,2000-01-01 05:00:00
46,14.765636444091797,y-mom,neutstab,2000-01-01 05:00:00
47,-9.972328186035156,y-mom,neutstab,2000-01-01 05:00:00
48,-35.79354476928711,y-mom,neutstab,2000-01-01 05:00:00
0,38.31125148338607,z-mom,neutstab,2000-01-01 05:00:00
1,75.25660601265822,z-mom,neutstab,2000-01-01 05:00:00
2,173.48303006329115,z-mom,neutstab,2000-01-01 05:00:00
3,122.36337025316456,z-mom,neutstab,2000-01-01 05:00:00
4,168.16785996835443,z-mom,neutstab,2000-01-01 05:00:00
5,219.46083860759492,z-mom,neutstab,2000-01-01 05:00:00
6,124.11553599683545,z-mom,neutstab,2000-01-01 05:00:00
7,-46.710447982594935,z-mom,neutstab,2000-01-01 05:00:00
8,-187.13306962025317,z-mom,neutstab,2000-01-01 05:00:00
9,-173.87490110759492,z-mom,neutstab,2000-01-01 05:00:00
10,214.60027689873417,z-mom,neutstab,2000-01-01 05:00:00
11,13.760492484177215,z-mom,neutstab,2000-01-01 05:00:00
12,-159.66272745253164,z-mom,neutstab,2000-01-01 05:00:00
13,-18.00988924050633,z-mom,neutstab,2000-01-01 05:00:00
14,-211.50652689873417,z-mom,neutstab,2000-01-01 05:00:00
15,-38.76103144778481,z-mom,neutstab,2000-01-01 05:00:00
16,-113.72582080696202,z-mom,neutstab,2000-01-01 05:00:00
17,-70.40528085443037,z-mom,neutstab,2000-01-01 05:00:00
18,-68.83572982594937,z-mom,neutstab,2000-01-01 05:00:00
19,17.983158623417722,z-mom,neutstab,2000-01-01 05:00:00
20,-142.33557159810127,z-mom,neutstab,2000-01-01 05:00:00
21,-43.20352056962025,z-mom,neutstab,2000-01-01 05:00:00
22,-221.8707674050633,z-mom,neutstab,2000-01-01 05:00:00
23,-237.59402689873417,z-mom,neutstab,2000-01-01 05:00:00
24,-216.12300237341773,z-mom,neutstab,2000-01-01 05:00:00
25,92.03494857594937,z-mom,neutstab,2000-01-01 05:00:00
26,-86.2107693829114,z-mom,neutstab,2000-01-01 05:00:00
27,-52.55576542721519,z-mom,neutstab,2000-01-01 05:00:00
28,-245.58026107594938,z-mom,neutstab,2000-01-01 05:00:00
29,-121.80107792721519,z-mom,neutstab,2000-01-01 05:00:00
30,-157.40288765822785,z-mom,neutstab,2000-01-01 05:00:00
31,-194.50504351265823,z-mom,neutstab,2000-01-01 05:00:00
32,-129.0728045886076,z-mom,neutstab,2000-01-01 05:00:00
33,165.43008306962025,z-mom,neutstab,2000-01-01 05:00:00
34,117.5929588607595,z-mom,neutstab,2000-01-01 05:00:00
35,-63.95507318037975,z-mom,neutstab,2000-01-01 05:00:00
36,-163.38493868670886,z-mom,neutstab,2000-01-01 05:00:00
37,-161.02494066455696,z-mom,neutstab,2000-01-01 05:00:00
38,-233.4534612341772,z-mom,neutstab,2000-01-01 05:00:00
39,-173.94195015822785,z-mom,neutstab,2000-01-01 05:00:00
40,-132.14123813291138,z-mom,neutstab,2000-01-01 05:00:00
41,-74.48259493670886,z-mom,neutstab,2000-01-01 05:00:00
42,-162.0037381329114,z-mom,neutstab,2000-01-01 05:00:00
43,-81.19771558544304,z-mom,neutstab,2000-01-01 05:00:00
44,-279.21979825949364,z-mom,neutstab,2000-01-01 05:00:00
45,-355.40589398734176,z-mom,neutstab,2000-01-01 05:00:00
46,-201.89707278481012,z-mom,neutstab,2000-01-01 05:00:00
47,-226.98395965189874,z-mom,neutstab,2000-01-01 05:00:00
48,-309.8485759493671,z-mom,neutstab,2000-01-01 05:00:00
0,0.0,x-press,neutstab,2000-01-01 05:00:00
1,-1.2372948887673374e-08,x-press,neutstab,2000-01-01 05:00:00
2,4.637878191715572e-06,x-press,neutstab,2000-01-01 05:00:00
3,-5.845862688147463e-06,x-press,neutstab,2000-01-01 05:00:00
4,-8.86386915226467e-05,x-press,neutstab,2000-01-01 05:00:00
5,8.710380643606186e-05,x-press,neutstab,2000-01-01 05:00:00
6,-0.0007910388521850109,x-press,neutstab,2000-01-01 05:00:00
7,-0.001983000198379159,x-press,neutstab,2000-01-01 05:00:00
8,-3.2762097816885216e-06,x-press,neutstab,2000-01-01 05:00:00
9,-7.664741133339703e-05,x-press,neutstab,2000-01-01 05:00:00
10,-0.00027529930230230093,x-press,neutstab,2000-01-01 05:00:00
11,0.0006652743904851377,x-press,neutstab,2000-01-01 05:00:00
12,0.0002370188885834068,x-press,neutstab,2000-01-01 05:00:00
13,-1.5524063201155514e-05,x-press,neutstab,2000-01-01 05:00:00
14,-0.00012342474656179547,x-press,neutstab,2000-01-01 05:00:00
15,-0.00015465584874618798,x-press,neutstab,2000-01-01 05:00:00
16,0.0001937633060151711,x-press,neutstab,2000-01-01 05:00:00
17,0.0003607946273405105,x-press,neutstab,2000-01-01 05:00:00
18,0.0005823597894050181,x-press,neutstab,2000-01-01 05:00:00
19,-0.00011664830526569858,x-press,neutstab,2000-01-01 05:00:00
20,-0.00019478178001008928,x-press,neutstab,2000-01-01 05:00:00
21,0.000634687312413007,x-press,neutstab,2000-01-01 05:00:00
22,0.00030745056574232876,x-press,neutstab,2000-01-01 05:00:00
23,0.00034981599310413003,x-press,neutstab,2000-01-01 05:00:00
24,0.0007623253623023629,x-press,neutstab,2000-01-01 05:00:00
25,-0.00015278297360055149,x-press,neutstab,2000-01-01 05:00:00
26,-0.0003063565236516297,x-press,neutstab,2000-01-01 05:00:00
27,-0.0010478589683771133,x-press,neutstab,2000-01-01 05:00:00
28,-0.0020062848925590515,x-press,neutstab,2000-01-01 05:00:00
29,-0.0012476707343012094,x-press,neutstab,2000-01-01 05:00:00
30,0.0001744941546348855,x-press,neutstab,2000-01-01 05:00:00
31,0.0009544286876916885,x-press,neutstab,2000-01-01 05:00:00
32,0.00013016536831855774,x-press,neutstab,2000-01-01 05:00:00
33,-7.674900552956387e-05,x-press,neutstab,2000-01-01 05:00:00
34,0.0012089078081771731,x-press,neutstab,2000-01-01 05:00:00
35,0.0006073946715332568,x-press,neutstab,2000-01-01 05:00:00
36,0.001855996553786099,x-press,neutstab,2000-01-01 05:00:00
37,0.0009864679304882884,x-press,neutstab,2000-01-01 05:00:00
38,0.0005332785076461732,x-press,neutstab,2000-01-01 05:00:00
39,0.0012814883375540376,x-press,neutstab,2000-01-01 05:00:00
40,0.0009069858933798969,x-press,neutstab,2000-01-01 05:00:00
41,0.00039109124918468297,x-press,neutstab,2000-01-01 05:00:00
42,-0.0002078403631458059,x-press,neutstab,2000-01-01 05:00:00
43,0.001350053702481091,x-press,neutstab,2000-01-01 05:00:00
44,0.0007854723371565342,x-press,neutstab,2000-01-01 05:00:00
45,0.0005459705134853721,x-press,neutstab,2000-01-01 05:00:00
46,-3.903580363839865e-05,x-press,neutstab,2000-01-01 05:00:00
47,-0.00011942700075451285,x-press,neutstab,2000-01-01 05:00:00
48,-9.128780220635235e-05,x-press,neutstab,2000-01-01 05:00:00
0,-0.0,flux-divg,neutstab,2000-01-01 05:00:00
1,4.699457868745149e-06,flux-divg,neutstab,2000-01-01 05:00:00
2,0.0006504974210714991,flux-divg,neutstab,2000-01-01 05:00:00
3,0.0007891469602946986,flux-divg,neutstab,2000-01-01 05:00:00
4,0.0008944301170638846,flux-divg,neutstab,2000-01-01 05:00:00
5,0.0012023772111723697,flux-divg,neutstab,2000-01-01 05:00:00
6,0.0008572813627991502,flux-divg,neutstab,2000-01-01 05:00:00
7,0.0008259640502929688,flux-divg,neutstab,2000-01-01 05:00:00
8,-0.0001528849695905854,flux-divg,neutstab,2000-01-01 05:00:00
9,-0.0008678434425064279,flux-divg,neutstab,2000-01-01 05:00:00
10,-0.00029481863287430745,flux-divg,neutstab,2000-01-01 05:00:00
11,-0.000982766414594047,flux-divg,neutstab,2000-01-01 05:00:00
12,-0.0009749052912072291,flux-divg,neutstab,2000-01-01 05:00:00
13,0.00020941861695881125,flux-divg,neutstab,2000-01-01 05:00:00
14,-0.00013290680704237533,flux-divg,neutstab,2000-01-01 05:00:00
15,-0.0007404753054848202,flux-divg,neutstab,2000-01-01 05:00:00
16,0.00026727216889586635,flux-divg,neutstab,2000-01-01 05:00:00
17,-0.0004975099819521365,flux-divg,neutstab,2000-01-01 05:00:00
18,-0.0014659996592847606,flux-divg,neutstab,2000-01-01 05:00:00
19,-0.0006934273403505733,flux-divg,neutstab,2000-01-01 05:00:00
20,-0.0009594944009901604,flux-divg,neutstab,2000-01-01 05:00:00
21,-0.00018686337434792798,flux-divg,neutstab,2000-01-01 05:00:00
22,-0.000390434786639636,flux-divg,neutstab,2000-01-01 05:00:00
23,0.0002684018098855321,flux-divg,neutstab,2000-01-01 05:00:00
24,-2.225239041485372e-05,flux-divg,neutstab,2000-01-01 05:00:00
25,0.00029852014469194986,flux-divg,neutstab,2000-01-01 05:00:00
26,-0.0002945623470258112,flux-divg,neutstab,2000-01-01 05:00:00
27,0.0006440903482557854,flux-divg,neutstab,2000-01-01 05:00:00
28,0.00011654351343082459,flux-divg,neutstab,2000-01-01 05:00:00
29,-0.0003177293260791636,flux-divg,neutstab,2000-01-01 05:00:00
30,-0.00017951447498949235,flux-divg,neutstab,2000-01-01 05:00:00
31,-7.871594006502214e-05,flux-divg,neutstab,2000-01-01 05:00:00
32,-0.001684401971358287,flux-divg,neutstab,2000-01-01 05:00:00
33,0.0005628163726420344,flux-divg,neutstab,2000-01-01 05:00:00
34,0.00048354090437104433,flux-divg,neutstab,2000-01-01 05:00:00
35,0.00037853424844862537,flux-divg,neutstab,2000-01-01 05:00:00
36,0.00028968700553797476,flux-divg,neutstab,2000-01-01 05:00:00
37,-0.0011084176442592954,flux-divg,neutstab,2000-01-01 05:00:00
38,-0.00021857195504104032,flux-divg,neutstab,2000-01-01 05:00:00
39,9.197566551498215e-05,flux-divg,neutstab,2000-01-01 05:00:00
40,0.0003432499559619759,flux-divg,neutstab,2000-01-01 05:00:00
41,0.0001584416642973694,flux-divg,neutstab,2000-01-01 05:00:00
42,-0.00120767627957501,flux-divg,neutstab,2000-01-01 05:00:00
43,-0.0014042881562438198,flux-divg,neutstab,2000-01-01 05:00:00
44,-0.000874063689799248,flux-divg,neutstab,2000-01-01 05:00:00
45,-0.0008471299280094198,flux-divg,neutstab,2000-01-01 05:00:00
46,-0.0004008477899092666,flux-divg,neutstab,2000-01-01 05:00:00
47,-0.00044803713255290754,flux-divg,neutstab,2000-01-01 05:00:00
48,-0.0013484752452222605,flux-divg,neutstab,2000-01-01 05:00:00
0,0.0,x-mom,logT,2000-01-01 05:00:00
1,0.025847148150205612,x-mom,logT,2000-01-01 05:00:00
2,0.3646165430545807,x-mom,logT,2000-01-01 05:00:00
3,1.318010926246643,x-mom,logT,2000-01-01 05:00:00
4,-2.013162612915039,x-mom,logT,2000-01-01 05:00:00
5,-4.387530326843262,x-mom,logT,2000-01-01 05:00:00
6,-37.24821853637695,x-mom,logT,2000-01-01 05:00:00
7,-107.42472839355469,x-mom,logT,2000-01-01 05:00:00
8,-153.7088623046875,x-mom,logT,2000-01-01 05:00:00
9,159.98634338378906,x-mom,logT,2000-01-01 05:00:00
10,163.18211364746094,x-mom,logT,2000-01-01 05:00:00
11,140.3399658203125,x-mom,logT,2000-01-01 05:00:00
12,-32.19235610961914,x-mom,logT,2000-01-01 05:00:00
13,-40.16801071166992,x-mom,logT,2000-01-01 05:00:00
14,126.88969421386719,x-mom,logT,2000-01-01 05:00:00
15,54.1651725769043,x-mom,logT,2000-01-01 05:00:00
16,-77.95674896240234,x-mom,logT,2000-01-01 05:00:00
17,-332.14599609375,x-mom,logT,2000-01-01 05:00:00
18,343.8383483886719,x-mom,logT,2000-01-01 05:00:00
19,290.9990539550781,x-mom,logT,2000-01-01 05:00:00
20,223.96633911132812,x-mom,logT,2000-01-01 05:00:00
21,-112.3339614868164,x-mom,logT,2000-01-01 05:00:00
22,91.46829223632812,x-mom,logT,2000-01-01 05:00:00
23,-277.89178466796875,x-mom,logT,2000-01-01 05:00:00
24,-248.67550659179688,x-mom,logT,2000-01-01 05:00:00
25,-139.78533935546875,x-mom,logT,2000-01-01 05:00:00
26,58.268104553222656,x-mom,logT,2000-01-01 05:00:00
27,242.7195587158203,x-mom,logT,2000-01-01 05:00:00
28,445.6039733886719,x-mom,logT,2000-01-01 05:00:00
29,246.1449432373047,x-mom,logT,2000-01-01 05:00:00
30,207.470947265625,x-mom,logT,2000-01-01 05:00:00
31,86.64274597167969,x-mom,logT,2000-01-01 05:00:00
32,61.535240173339844,x-mom,logT,2000-01-01 05:00:00
33,517.8191528320312,x-mom,logT,2000-01-01 05:00:00
34,637.7557983398438,x-mom,logT,2000-01-01 05:00:00
35,337.9723205566406,x-mom,logT,2000-01-01 05:00:00
36,987.59521484375,x-mom,logT,2000-01-01 05:00:00
37,880.8295288085938,x-mom,logT,2000-01-01 05:00:00
38,-96.28535461425781,x-mom,logT,2000-01-01 05:00:00
39,-1127.73046875,x-mom,logT,2000-01-01 05:00:00
40,-1768.980712890625,x-mom,logT,2000-01-01 05:00:00
41,-1476.2308349609375,x-mom,logT,2000-01-01 05:00:00
42,-1116.2999267578125,x-mom,logT,2000-01-01 05:00:00
43,-603.9395141601562,x-mom,logT,2000-01-01 05:00:00
44,322.7706604003906,x-mom,logT,2000-01-01 05:00:00
45,376.9320373535156,x-mom,logT,2000-01-01 05:00:00
46,615.4419555664062,x-mom,logT,2000-01-01 05:00:00
47,597.450439453125,x-mom,logT,2000-01-01 05:00:00
48,140.55783081054688,x-mom,logT,2000-01-01 05:00:00
0,0.0,y-mom,logT,2000-01-01 05:00:00
1,0.0059700533747673035,y-mom,logT,2000-01-01 05:00:00
2,0.015611719340085983,y-mom,logT,2000-01-01 05:00:00
3,0.011471280828118324,y-mom,logT,2000-01-01 05:00:00
4,0.008666143752634525,y-mom,logT,2000-01-01 05:00:00
5,-0.009171765297651291,y-mom,logT,2000-01-01 05:00:00
6,0.004274878650903702,y-mom,logT,2000-01-01 05:00:00
7,-0.20983083546161652,y-mom,logT,2000-01-01 05:00:00
8,-0.11677855253219604,y-mom,logT,2000-01-01 05:00:00
9,-6.755410194396973,y-mom,logT,2000-01-01 05:00:00
10,0.6836519241333008,y-mom,logT,2000-01-01 05:00:00
11,-0.5028848052024841,y-mom,logT,2000-01-01 05:00:00
12,11.229764938354492,y-mom,logT,2000-01-01 05:00:00
13,15.109357833862305,y-mom,logT,2000-01-01 05:00:00
14,37.25657653808594,y-mom,logT,2000-01-01 05:00:00
15,-57.61812210083008,y-mom,logT,2000-01-01 05:00:00
16,-60.097312927246094,y-mom,logT,2000-01-01 05:00:00
17,-0.11104004085063934,y-mom,logT,2000-01-01 05:00:00
18,42.00409698486328,y-mom,logT,2000-01-01 05:00:00
19,0.3629707098007202,y-mom,logT,2000-01-01 05:00:00
20,-35.192710876464844,y-mom,logT,2000-01-01 05:00:00
21,-11.189562797546387,y-mom,logT,2000-01-01 05:00:00
22,52.46431350708008,y-mom,logT,2000-01-01 05:00:00
23,7.292020320892334,y-mom,logT,2000-01-01 05:00:00
24,-95.826171875,y-mom,logT,2000-01-01 05:00:00
25,66.00714111328125,y-mom,logT,2000-01-01 05:00:00
26,32.269813537597656,y-mom,logT,2000-01-01 05:00:00
27,-23.990758895874023,y-mom,logT,2000-01-01 05:00:00
28,-0.5015292763710022,y-mom,logT,2000-01-01 05:00:00
29,-24.11790657043457,y-mom,logT,2000-01-01 05:00:00
30,98.07159423828125,y-mom,logT,2000-01-01 05:00:00
31,104.41960906982422,y-mom,logT,2000-01-01 05:00:00
32,-73.24908447265625,y-mom,logT,2000-01-01 05:00:00
33,-52.162200927734375,y-mom,logT,2000-01-01 05:00:00
34,-27.276084899902344,y-mom,logT,2000-01-01 05:00:00
35,30.11286735534668,y-mom,logT,2000-01-01 05:00:00
36,3.0426299571990967,y-mom,logT,2000-01-01 05:00:00
37,16.87301254272461,y-mom,logT,2000-01-01 05:00:00
38,100.71452331542969,y-mom,logT,2000-01-01 05:00:00
39,45.44839859008789,y-mom,logT,2000-01-01 05:00:00
40,-74.0951919555664,y-mom,logT,2000-01-01 05:00:00
41,-4.147207736968994,y-mom,logT,2000-01-01 05:00:00
42,4.101563453674316,y-mom,logT,2000-01-01 05:00:00
43,-93.66616821289062,y-mom,logT,2000-01-01 05:00:00
44,70.43726348876953,y-mom,logT,2000-01-01 05:00:00
45,40.16315841674805,y-mom,logT,2000-01-01 05:00:00
46,75.31520080566406,y-mom,logT,2000-01-01 05:00:00
47,-137.84461975097656,y-mom,logT,2000-01-01 05:00:00
48,-229.0241241455078,y-mom,logT,2000-01-01 05:00:00
0,39.780132515822785,z-mom,logT,2000-01-01 05:00:00
1,129.00901898734176,z-mom,logT,2000-01-01 05:00:00
2,151.78698575949366,z-mom,logT,2000-01-01 05:00:00
3,191.9898338607595,z-mom,logT,2000-01-01 05:00:00
4,258.76180775316453,z-mom,logT,2000-01-01 05:00:00
5,279.45755537974685,z-mom,logT,2000-01-01 05:00:00
6,315.6570806962025,z-mom,logT,2000-01-01 05:00:00
7,315.8133702531646,z-mom,logT,2000-01-01 05:00:00
8,341.88694620253165,z-mom,logT,2000-01-01 05:00:00
9,329.7974881329114,z-mom,logT,2000-01-01 05:00:00
10,346.390585443038,z-mom,logT,2000-01-01 05:00:00
11,296.19679588607596,z-mom,logT,2000-01-01 05:00:00
12,323.8595332278481,z-mom,logT,2000-01-01 05:00:00
13,329.45897943037977,z-mom,logT,2000-01-01 05:00:00
14,452.9538765822785,z-mom,logT,2000-01-01 05:00:00
15,146.15439082278482,z-mom,logT,2000-01-01 05:00:00
16,231.62068829113923,z-mom,logT,2000-01-01 05:00:00
17,268.96602056962024,z-mom,logT,2000-01-01 05:00:00
18,345.85981012658226,z-mom,logT,2000-01-01 05:00:00
19,364.6094541139241,z-mom,logT,2000-01-01 05:00:00
20,290.0364121835443,z-mom,logT,2000-01-01 05:00:00
21,89.00990901898734,z-mom,logT,2000-01-01 05:00:00
22,190.9629746835443,z-mom,logT,2000-01-01 05:00:00
23,184.56052215189874,z-mom,logT,2000-01-01 05:00:00
24,197.00221518987343,z-mom,logT,2000-01-01 05:00:00
25,343.60102848101263,z-mom,logT,2000-01-01 05:00:00
26,298.9348496835443,z-mom,logT,2000-01-01 05:00:00
27,196.0307753164557,z-mom,logT,2000-01-01 05:00:00
28,182.69958465189873,z-mom,logT,2000-01-01 05:00:00
29,290.9793710443038,z-mom,logT,2000-01-01 05:00:00
30,294.21865110759495,z-mom,logT,2000-01-01 05:00:00
31,62.306838409810126,z-mom,logT,2000-01-01 05:00:00
32,-166.71372626582277,z-mom,logT,2000-01-01 05:00:00
33,-261.37225079113927,z-mom,logT,2000-01-01 05:00:00
34,-365.89090189873417,z-mom,logT,2000-01-01 05:00:00
35,-232.78026107594937,z-mom,logT,2000-01-01 05:00:00
36,-193.3853243670886,z-mom,logT,2000-01-01 05:00:00
37,-225.91683148734177,z-mom,logT,2000-01-01 05:00:00
38,70.42261669303798,z-mom,logT,2000-01-01 05:00:00
39,91.15102848101266,z-mom,logT,2000-01-01 05:00:00
40,-185.74098101265824,z-mom,logT,2000-01-01 05:00:00
41,-161.23333662974684,z-mom,logT,2000-01-01 05:00:00
42,-319.1278283227848,z-mom,logT,2000-01-01 05:00:00
43,-299.5844738924051,z-mom,logT,2000-01-01 05:00:00
44,-126.00615110759493,z-mom,logT,2000-01-01 05:00:00
45,437.7395569620253,z-mom,logT,2000-01-01 05:00:00
46,349.7433544303797,z-mom,logT,2000-01-01 05:00:00
47,335.1897151898734,z-mom,logT,2000-01-01 05:00:00
48,169.92173655063291,z-mom,logT,2000-01-01 05:00:00
0,0.0,x-press,logT,2000-01-01 05:00:00
1,-3.015077538748301e-07,x-press,logT,2000-01-01 05:00:00
2,9.963428482251402e-08,x-press,logT,2000-01-01 05:00:00
3,1.2424981150616077e-06,x-press,logT,2000-01-01 05:00:00
4,-5.789207989437273e-06,x-press,logT,2000-01-01 05:00:00
5,-1.165656158264028e-06,x-press,logT,2000-01-01 05:00:00
6,2.7391612093197182e-05,x-press,logT,2000-01-01 05:00:00
7,0.00013692094944417477,x-press,logT,2000-01-01 05:00:00
8,0.00014068229938857257,x-press,logT,2000-01-01 05:00:00
9,0.0006960008176974952,x-press,logT,2000-01-01 05:00:00
10,0.0005922496202401817,x-press,logT,2000-01-01 05:00:00
11,0.0004658775287680328,x-press,logT,2000-01-01 05:00:00
12,0.0004987549036741257,x-press,logT,2000-01-01 05:00:00
13,0.0003230514412280172,x-press,logT,2000-01-01 05:00:00
14,0.0002262876951135695,x-press,logT,2000-01-01 05:00:00
15,-0.0006907358183525503,x-press,logT,2000-01-01 05:00:00
16,-0.00045921505079604685,x-press,logT,2000-01-01 05:00:00
17,-0.0006847467157058418,x-press,logT,2000-01-01 05:00:00
18,-0.0007935694884508848,x-press,logT,2000-01-01 05:00:00
19,-0.0005420247907750309,x-press,logT,2000-01-01 05:00:00
20,-0.0003089086094405502,x-press,logT,2000-01-01 05:00:00
21,0.0009042306337505579,x-press,logT,2000-01-01 05:00:00
22,0.0007470494019798934,x-press,logT,2000-01-01 05:00:00
23,0.00017070087778847665,x-press,logT,2000-01-01 05:00:00
24,4.822624759981409e-05,x-press,logT,2000-01-01 05:00:00
25,0.000565459078643471,x-press,logT,2000-01-01 05:00:00
26,-0.00041691542719490826,x-press,logT,2000-01-01 05:00:00
27,0.00038548241718672216,x-press,logT,2000-01-01 05:00:00
28,0.000531294324900955,x-press,logT,2000-01-01 05:00:00
29,0.00015263320528902113,x-press,logT,2000-01-01 05:00:00
30,-0.00015452495426870883,x-press,logT,2000-01-01 05:00:00
31,0.0005194866098463535,x-press,logT,2000-01-01 05:00:00
32,0.0005029928870499134,x-press,logT,2000-01-01 05:00:00
33,0.0011629502987489104,x-press,logT,2000-01-01 05:00:00
34,0.0004955939366482198,x-press,logT,2000-01-01 05:00:00
35,-0.0013893870636820793,x-press,logT,2000-01-01 05:00:00
36,-0.0026863310486078262,x-press,logT,2000-01-01 05:00:00
37,-0.00221079308539629,x-press,logT,2000-01-01 05:00:00
38,-0.0019308108603581786,x-press,logT,2000-01-01 05:00:00
39,-0.0022571051958948374,x-press,logT,2000-01-01 05:00:00
40,-0.0037848823703825474,x-press,logT,2000-01-01 05:00:00
41,-0.001967062707990408,x-press,logT,2000-01-01 05:00:00
42,-0.0015777441440150142,x-press,logT,2000-01-01 05:00:00
43,-0.0019496449967846274,x-press,logT,2000-01-01 05:00:00
44,-0.002200981369242072,x-press,logT,2000-01-01 05:00:00
45,-0.0015447312034666538,x-press,logT,2000-01-01 05:00:00
46,-0.002070697955787182,x-press,logT,2000-01-01 05:00:00
47,-0.0008699219324626029,x-press,logT,2000-01-01 05:00:00
48,-0.001696828636340797,x-press,logT,2000-01-01 05:00:00
0,-0.0,flux-divg,logT,2000-01-01 05:00:00
1,-1.4687797449812107e-05,flux-divg,logT,2000-01-01 05:00:00
2,-3.107637815837616e-05,flux-divg,logT,2000-01-01 05:00:00
3,0.0001286754975137831,flux-divg,logT,2000-01-01 05:00:00
4,0.0003307435115379623,flux-divg,logT,2000-01-01 05:00:00
5,0.0002993838269197488,flux-divg,logT,2000-01-01 05:00:00
6,0.00021090704278100897,flux-divg,logT,2000-01-01 05:00:00
7,8.788939174217514e-05,flux-divg,logT,2000-01-01 05:00:00
8,0.0003837385327302958,flux-divg,logT,2000-01-01 05:00:00
9,-0.00014550056940392596,flux-divg,logT,2000-01-01 05:00:00
10,-0.00019678384901602054,flux-divg,logT,2000-01-01 05:00:00
11,-0.0002505417333675339,flux-divg,logT,2000-01-01 05:00:00
12,6.142028422295275e-05,flux-divg,logT,2000-01-01 05:00:00
13,-0.00010467340010630898,flux-divg,logT,2000-01-01 05:00:00
14,-0.0002651556010185914,flux-divg,logT,2000-01-01 05:00:00
15,-0.0014235755920410159,flux-divg,logT,2000-01-01 05:00:00
16,-0.0012065591643128214,flux-divg,logT,2000-01-01 05:00:00
17,-0.0009118268865271458,flux-divg,logT,2000-01-01 05:00:00
18,-0.0014613260505772843,flux-divg,logT,2000-01-01 05:00:00
19,8.82085911231707e-05,flux-divg,logT,2000-01-01 05:00:00
20,-0.00021043079231358773,flux-divg,logT,2000-01-01 05:00:00
21,-0.000330359837012955,flux-divg,logT,2000-01-01 05:00:00
22,-0.0001542600375791139,flux-divg,logT,2000-01-01 05:00:00
23,-0.0002014323328718355,flux-divg,logT,2000-01-01 05:00:00
24,-0.0007132291422010973,flux-divg,logT,2000-01-01 05:00:00
25,-0.0004791204602205301,flux-divg,logT,2000-01-01 05:00:00
26,-0.00035368452241149085,flux-divg,logT,2000-01-01 05:00:00
27,-0.0004993750540817841,flux-divg,logT,2000-01-01 05:00:00
28,0.0002705345057233979,flux-divg,logT,2000-01-01 05:00:00
29,-0.00027764506279667734,flux-divg,logT,2000-01-01 05:00:00
30,0.000294280380055874,flux-divg,logT,2000-01-01 05:00:00
31,-0.0006111779012559338,flux-divg,logT,2000-01-01 05:00:00
32,-0.0012337445377398142,flux-divg,logT,2000-01-01 05:00:00
33,-0.0010850537843342073,flux-divg,logT,2000-01-01 05:00:00
34,-0.0014858451514908034,flux-divg,logT,2000-01-01 05:00:00
35,-0.0003551532561869561,flux-divg,logT,2000-01-01 05:00:00
36,-0.00014971306523190275,flux-divg,logT,2000-01-01 05:00:00
37,-0.00028499265646632696,flux-divg,logT,2000-01-01 05:00:00
38,-0.0004434175708625889,flux-divg,logT,2000-01-01 05:00:00
39,0.0006400200604788862,flux-divg,logT,2000-01-01 05:00:00
40,0.0003277961016304887,flux-divg,logT,2000-01-01 05:00:00
41,0.0009085158181492287,flux-divg,logT,2000-01-01 05:00:00
42,0.0012864609653134886,flux-divg,logT,2000-01-01 05:00:00
43,-0.0011338153539730022,flux-divg,logT,2000-01-01 05:00:00
44,-0.0006828015146376212,flux-divg,logT,2000-01-01 05:00:00
45,3.524049396756324e-05,flux-divg,logT,2000-01-01 05:00:00
46,0.0012439953072463411,flux-divg,logT,2000-01-01 05:00:00
47,-0.0008606837598583365,flux-divg,logT,2000-01-01 05:00:00
48,-0.00197808257960066,flux-divg,logT,2000-01-01 05:00:00
0,0.0,x-mom,low_step,2000-01-01 05:00:00
1,0.013867675326764584,x-mom,low_step,2000-01-01 05:00:00
2,0.04207845777273178,x-mom,low_step,2000-01-01 05:00:00
3,0.09092745184898376,x-mom,low_step,2000-01-01 05:00:00
4,0.7546414136886597,x-mom,low_step,2000-01-01 05:00:00
5,12.936022758483887,x-mom,low_step,2000-01-01 05:00:00
6,-81.29911804199219,x-mom,low_step,2000-01-01 05:00:00
7,101.72579193115234,x-mom,low_step,2000-01-01 05:00:00
8,226.75929260253906,x-mom,low_step,2000-01-01 05:00:00
9,-210.7823028564453,x-mom,low_step,2000-01-01 05:00:00
10,-561.9174194335938,x-mom,low_step,2000-01-01 05:00:00
11,-203.43580627441406,x-mom,low_step,2000-01-01 05:00:00
12,-145.20126342773438,x-mom,low_step,2000-01-01 05:00:00
13,-283.4482421875,x-mom,low_step,2000-01-01 05:00:00
14,-200.3475799560547,x-mom,low_step,2000-01-01 05:00:00
15,-4.314314842224121,x-mom,low_step,2000-01-01 05:00:00
16,-215.7881317138672,x-mom,low_step,2000-01-01 05:00:00
17,-74.2553939819336,x-mom,low_step,2000-01-01 05:00:00
18,-140.22361755371094,x-mom,low_step,2000-01-01 05:00:00
19,-332.8816223144531,x-mom,low_step,2000-01-01 05:00:00
20,-410.14361572265625,x-mom,low_step,2000-01-01 05:00:00
21,-81.79100799560547,x-mom,low_step,2000-01-01 05:00:00
22,-43.12482833862305,x-mom,low_step,2000-01-01 05:00:00
23,147.358642578125,x-mom,low_step,2000-01-01 05:00:00
24,73.53311157226562,x-mom,low_step,2000-01-01 05:00:00
25,70.38907623291016,x-mom,low_step,2000-01-01 05:00:00
26,207.31961059570312,x-mom,low_step,2000-01-01 05:00:00
27,65.45500946044922,x-mom,low_step,2000-01-01 05:00:00
28,-62.0770149230957,x-mom,low_step,2000-01-01 05:00:00
29,-13.08413314819336,x-mom,low_step,2000-01-01 05:00:00
30,117.08216857910156,x-mom,low_step,2000-01-01 05:00:00
31,116.41664123535156,x-mom,low_step,2000-01-01 05:00:00
32,227.22195434570312,x-mom,low_step,2000-01-01 05:00:00
33,197.36083984375,x-mom,low_step,2000-01-01 05:00:00
34,380.8926086425781,x-mom,low_step,2000-01-01 05:00:00
35,177.94296264648438,x-mom,low_step,2000-01-01 05:00:00
36,140.5392608642578,x-mom,low_step,2000-01-01 05:00:00
37,198.9459991455078,x-mom,low_step,2000-01-01 05:00:00
38,-44.010704040527344,x-mom,low_step,2000-01-01 05:00:00
39,-380.9319152832031,x-mom,low_step,2000-01-01 05:00:00
40,42.9771728515625,x-mom,low_step,2000-01-01 05:00:00
41,430.4553527832031,x-mom,low_step,2000-01-01 05:00:00
42,215.91775512695312,x-mom,low_step,2000-01-01 05:00:00
43,-139.66534423828125,x-mom,low_step,2000-01-01 05:00:00
44,-422.311767578125,x-mom,low_step,2000-01-01 05:00:00
45,235.67620849609375,x-mom,low_step,2000-01-01 05:00:00
46,225.4978485107422,x-mom,low_step,2000-01-01 05:00:00
47,302.8124084472656,x-mom,low_step,2000-01-01 05:00:00
48,-497.6719665527344,x-mom,low_step,2000-01-01 05:00:00
0,0.0,y-mom,low_step,2000-01-01 05:00:00
1,0.0009945688070729375,y-mom,low_step,2000-01-01 05:00:00
2,-0.0037100252229720354,y-mom,low_step,2000-01-01 05:00:00
3,-0.017355743795633316,y-mom,low_step,2000-01-01 05:00:00
4,-0.21545028686523438,y-mom,low_step,2000-01-01 05:00:00
5,-4.331404209136963,y-mom,low_step,2000-01-01 05:00:00
6,0.43518945574760437,y-mom,low_step,2000-01-01 05:00:00
7,18.710054397583008,y-mom,low_step,2000-01-01 05:00:00
8,-10.60389232635498,y-mom,low_step,2000-01-01 05:00:00
9,-11.77717399597168,y-mom,low_step,2000-01-01 05:00:00
10,-6.0263991355896,y-mom,low_step,2000-01-01 05:00:00
11,3.568118095397949,y-mom,low_step,2000-01-01 05:00:00
12,6.284417629241943,y-mom,low_step,2000-01-01 05:00:00
13,13.774656295776367,y-mom,low_step,2000-01-01 05:00:00
14,39.155094146728516,y-mom,low_step,2000-01-01 05:00:00
15,49.77955627441406,y-mom,low_step,2000-01-01 05:00:00
16,13.485600471496582,y-mom,low_step,2000-01-01 05:00:00
17,-14.16098403930664,y-mom,low_step,2000-01-01 05:00:00
18,-3.6817872524261475,y-mom,low_step,2000-01-01 05:00:00
19,-0.5336562395095825,y-mom,low_step,2000-01-01 05:00:00
20,7.1685028076171875,y-mom,low_step,2000-01-01 05:00:00
21,5.44659948348999,y-mom,low_step,2000-01-01 05:00:00
22,12.622834205627441,y-mom,low_step,2000-01-01 05:00:00
23,2.8327629566192627,y-mom,low_step,2000-01-01 05:00:00
24,26.87240982055664,y-mom,low_step,2000-01-01 05:00:00
25,25.946517944335938,y-mom,low_step,2000-01-01 05:00:00
26,13.081311225891113,y-mom,low_step,2000-01-01 05:00:00
27,23.44609832763672,y-mom,low_step,2000-01-01 05:00:00
28,14.548460960388184,y-mom,low_step,2000-01-01 05:00:00
29,-0.2645191550254822,y-mom,low_step,2000-01-01 05:00:00
30,7.530646324157715,y-mom,low_step,2000-01-01 05:00:00
31,10.788005828857422,y-mom,low_step,2000-01-01 05:00:00
32,9.700552940368652,y-mom,low_step,2000-01-01 05:00:00
33,13.814554214477539,y-mom,low_step,2000-01-01 05:00:00
34,-7.399522304534912,y-mom,low_step,2000-01-01 05:00:00
35,4.225367546081543,y-mom,low_step,2000-01-01 05:00:00
36,13.727934837341309,y-mom,low_step,2000-01-01 05:00:00
37,-7.88742733001709,y-mom,low_step,2000-01-01 05:00:00
38,10.284146308898926,y-mom,low_step,2000-01-01 05:00:00
39,4.729915142059326,y-mom,low_step,2000-01-01 05:00:00
40,-27.087968826293945,y-mom,low_step,2000-01-01 05:00:00
41,-18.377241134643555,y-mom,low_step,2000-01-01 05:00:00
42,-8.479301452636719,y-mom,low_step,2000-01-01 05:00:00
43,-19.57672691345215,y-mom,low_step,2000-01-01 05:00:00
44,-27.881637573242188,y-mom,low_step,2000-01-01 05:00:00
45,31.325143814086914,y-mom,low_step,2000-01-01 05:00:00
46,-16.901243209838867,y-mom,low_step,2000-01-01 05:00:00
47,-17.308685302734375,y-mom,low_step,2000-01-01 05:00:00
48,-42.835506439208984,y-mom,low_step,2000-01-01 05:00:00
0,37.9506230221519,z-mom,low_step,2000-01-01 05:00:00
1,76.73956685126582,z-mom,low_step,2000-01-01 05:00:00
2,-36.009884295886074,z-mom,low_step,2000-01-01 05:00:00
3,83.88419699367088,z-mom,low_step,2000-01-01 05:00:00
4,200.22444620253165,z-mom,low_step,2000-01-01 05:00:00
5,130.5415545886076,z-mom,low_step,2000-01-01 05:00:00
6,-213.95696202531644,z-mom,low_step,2000-01-01 05:00:00
7,-319.6735957278481,z-mom,low_step,2000-01-01 05:00:00
8,-426.5276898734177,z-mom,low_step,2000-01-01 05:00:00
9,-319.95712025316453,z-mom,low_step,2000-01-01 05:00:00
10,23.571155557753166,z-mom,low_step,2000-01-01 05:00:00
11,232.36285601265823,z-mom,low_step,2000-01-01 05:00:00
12,-313.8353441455696,z-mom,low_step,2000-01-01 05:00:00
13,-185.15027689873418,z-mom,low_step,2000-01-01 05:00:00
14,-416.10075158227846,z-mom,low_step,2000-01-01 05:00:00
15,-423.5131329113924,z-mom,low_step,2000-01-01 05:00:00
16,-411.81878955696203,z-mom,low_step,2000-01-01 05:00:00
17,-445.3282041139241,z-mom,low_step,2000-01-01 05:00:00
18,-242.59742879746835,z-mom,low_step,2000-01-01 05:00:00
19,-517.4678006329113,z-mom,low_step,2000-01-01 05:00:00
20,-225.77163765822786,z-mom,low_step,2000-01-01 05:00:00
21,-346.3664161392405,z-mom,low_step,2000-01-01 05:00:00
22,-265.35166139240505,z-mom,low_step,2000-01-01 05:00:00
23,-154.56960047468354,z-mom,low_step,2000-01-01 05:00:00
24,-314.9696795886076,z-mom,low_step,2000-01-01 05:00:00
25,-80.27251780063291,z-mom,low_step,2000-01-01 05:00:00
26,-173.40476661392404,z-mom,low_step,2000-01-01 05:00:00
27,65.31787974683544,z-mom,low_step,2000-01-01 05:00:00
28,0.3994783425632911,z-mom,low_step,2000-01-01 05:00:00
29,177.2495648734177,z-mom,low_step,2000-01-01 05:00:00
30,137.89169303797468,z-mom,low_step,2000-01-01 05:00:00
31,62.61089299841772,z-mom,low_step,2000-01-01 05:00:00
32,-3.116631230221519,z-mom,low_step,2000-01-01 05:00:00
33,470.14691455696203,z-mom,low_step,2000-01-01 05:00:00
34,-387.18694620253166,z-mom,low_step,2000-01-01 05:00:00
35,344.1547863924051,z-mom,low_step,2000-01-01 05:00:00
36,24.11832476265823,z-mom,low_step,2000-01-01 05:00:00
37,-26.0338261471519,z-mom,low_step,2000-01-01 05:00:00
38,112.16135284810126,z-mom,low_step,2000-01-01 05:00:00
39,-154.82658227848103,z-mom,low_step,2000-01-01 05:00:00
40,-401.3592167721519,z-mom,low_step,2000-01-01 05:00:00
41,10.608920094936709,z-mom,low_step,2000-01-01 05:00:00
42,4.73221914556962,z-mom,low_step,2000-01-01 05:00:00
43,-153.14208860759493,z-mom,low_step,2000-01-01 05:00:00
44,7.871321202531646,z-mom,low_step,2000-01-01 05:00:00
45,-181.1778085443038,z-mom,low_step,2000-01-01 05:00:00
46,-270.4049643987342,z-mom,low_step,2000-01-01 05:00:00
47,-103.37508900316456,z-mom,low_step,2000-01-01 05:00:00
48,35.59109968354431,z-mom,low_step,2000-01-01 05:00:00
0,0.0,x-press,low_step,2000-01-01 05:00:00
1,-4.473774595226132e-07,x-press,low_step,2000-01-01 05:00:00
2,6.3362194850924425e-06,x-press,low_step,2000-01-01 05:00:00
3,-4.251063273841282e-06,x-press,low_step,2000-01-01 05:00:00
4,-0.0004115495248697698,x-press,low_step,2000-01-01 05:00:00
5,-6.074435077607632e-05,x-press,low_step,2000-01-01 05:00:00
6,2.877021506719757e-05,x-press,low_step,2000-01-01 05:00:00
7,0.00013082241639494896,x-press,low_step,2000-01-01 05:00:00
8,0.00027026026509702206,x-press,low_step,2000-01-01 05:00:00
9,-6.554763967869803e-05,x-press,low_step,2000-01-01 05:00:00
10,-0.00025444707716815174,x-press,low_step,2000-01-01 05:00:00
11,5.906165097258054e-05,x-press,low_step,2000-01-01 05:00:00
12,-0.00044226099271327257,x-press,low_step,2000-01-01 05:00:00
13,-0.0007121005328372121,x-press,low_step,2000-01-01 05:00:00
14,0.0006227488629519939,x-press,low_step,2000-01-01 05:00:00
15,-0.00014664277841802686,x-press,low_step,2000-01-01 05:00:00
16,-0.0001316846173722297,x-press,low_step,2000-01-01 05:00:00
17,-0.001175553654320538,x-press,low_step,2000-01-01 05:00:00
18,-0.0004956929478794336,x-press,low_step,2000-01-01 05:00:00
19,-0.00015475288091693074,x-press,low_step,2000-01-01 05:00:00
20,0.0007074594032019377,x-press,low_step,2000-01-01 05:00:00
21,0.00035398107138462365,x-press,low_step,2000-01-01 05:00:00
22,-0.0013141344534233212,x-press,low_step,2000-01-01 05:00:00
23,0.00043519146856851876,x-press,low_step,2000-01-01 05:00:00
24,0.000122450539493002,x-press,low_step,2000-01-01 05:00:00
25,0.0005449266172945499,x-press,low_step,2000-01-01 05:00:00
26,0.0010800283635035157,x-press,low_step,2000-01-01 05:00:00
27,-0.0016768990317359567,x-press,low_step,2000-01-01 05:00:00
28,-0.0017983259167522192,x-press,low_step,2000-01-01 05:00:00
29,-0.0008053374476730824,x-press,low_step,2000-01-01 05:00:00
30,-0.00039308785926550627,x-press,low_step,2000-01-01 05:00:00
31,-0.0035800226032733917,x-press,low_step,2000-01-01 05:00:00
32,-0.0018316811183467507,x-press,low_step,2000-01-01 05:00:00
33,-0.0024225313682109118,x-press,low_step,2000-01-01 05:00:00
34,0.000779062625952065,x-press,low_step,2000-01-01 05:00:00
35,0.00013967686390969902,x-press,low_step,2000-01-01 05:00:00
36,-0.00024990036035887897,x-press,low_step,2000-01-01 05:00:00
37,-0.0005996010731905699,x-press,low_step,2000-01-01 05:00:00
38,-0.0009469750220887363,x-press,low_step,2000-01-01 05:00:00
39,-0.00041551142930984497,x-press,low_step,2000-01-01 05:00:00
40,0.0016908706165850163,x-press,low_step,2000-01-01 05:00:00
41,7.839785394025967e-05,x-press,low_step,2000-01-01 05:00:00
42,0.0007247755420394242,x-press,low_step,2000-01-01 05:00:00
43,0.0004346809582784772,x-press,low_step,2000-01-01 05:00:00
44,0.001314333756454289,x-press,low_step,2000-01-01 05:00:00
45,-0.003704967675730586,x-press,low_step,2000-01-01 05:00:00
46,-0.0006146061350591481,x-press,low_step,2000-01-01 05:00:00
47,0.0005940906121395528,x-press,low_step,2000-01-01 05:00:00
48,0.0016742772422730923,x-press,low_step,2000-01-01 05:00:00
0,-0.0,flux-divg,low_step,2000-01-01 05:00:00
1,-4.381918412220629e-05,flux-divg,low_step,2000-01-01 05:00:00
2,0.0003659482912474039,flux-divg,low_step,2000-01-01 05:00:00
3,0.0008244948375074163,flux-divg,low_step,2000-01-01 05:00:00
4,0.0004888442877274528,flux-divg,low_step,2000-01-01 05:00:00
5,-0.00016384501590004463,flux-divg,low_step,2000-01-01 05:00:00
6,7.748095741754846e-05,flux-divg,low_step,2000-01-01 05:00:00
7,-0.00017267953607100493,flux-divg,low_step,2000-01-01 05:00:00
8,0.0002958836731729635,flux-divg,low_step,2000-01-01 05:00:00
9,0.001395946137633505,flux-divg,low_step,2000-01-01 05:00:00
10,0.0007914335072191458,flux-divg,low_step,2000-01-01 05:00:00
11,-0.0007407937853849386,flux-divg,low_step,2000-01-01 05:00:00
12,0.0004966913672338556,flux-divg,low_step,2000-01-01 05:00:00
13,0.00011820975001854217,flux-divg,low_step,2000-01-01 05:00:00
14,0.0005728567099269432,flux-divg,low_step,2000-01-01 05:00:00
15,0.00043189020857026294,flux-divg,low_step,2000-01-01 05:00:00
16,0.0017653931822957873,flux-divg,low_step,2000-01-01 05:00:00
17,0.0007806408498257023,flux-divg,low_step,2000-01-01 05:00:00
18,0.00033618678998343564,flux-divg,low_step,2000-01-01 05:00:00
19,-0.0007838524057895322,flux-divg,low_step,2000-01-01 05:00:00
20,0.0004835041519358194,flux-divg,low_step,2000-01-01 05:00:00
21,-0.000629960398613652,flux-divg,low_step,2000-01-01 05:00:00
22,-0.0004819788524772548,flux-divg,low_step,2000-01-01 05:00:00
23,0.0010910442110858387,flux-divg,low_step,2000-01-01 05:00:00
24,5.7971361377571196e-05,flux-divg,low_step,2000-01-01 05:00:00
25,-0.00035099919572661195,flux-divg,low_step,2000-01-01 05:00:00
26,-0.0006079078601885446,flux-divg,low_step,2000-01-01 05:00:00
27,-0.00023567366587964788,flux-divg,low_step,2000-01-01 05:00:00
28,-0.0007240012866635866,flux-divg,low_step,2000-01-01 05:00:00
29,-0.00038478609302375897,flux-divg,low_step,2000-01-01 05:00:00
30,-0.0008241093609001062,flux-divg,low_step,2000-01-01 05:00:00
31,-0.0003389584891403776,flux-divg,low_step,2000-01-01 05:00:00
32,0.00016120192708848392,flux-divg,low_step,2000-01-01 05:00:00
33,-0.0010622305722779869,flux-divg,low_step,2000-01-01 05:00:00
34,-0.0018681288610530803,flux-divg,low_step,2000-01-01 05:00:00
35,-0.00024059761916534806,flux-divg,low_step,2000-01-01 05:00:00
36,-0.0005693611038787457,flux-divg,low_step,2000-01-01 05:00:00
37,0.00020199700077877747,flux-divg,low_step,2000-01-01 05:00:00
38,-0.0007334804766691185,flux-divg,low_step,2000-01-01 05:00:00
39,-0.0010265055373952358,flux-divg,low_step,2000-01-01 05:00:00
40,-0.00011342043236841129,flux-divg,low_step,2000-01-01 05:00:00
41,-0.0004894421502608288,flux-divg,low_step,2000-01-01 05:00:00
42,-0.0007695122904717169,flux-divg,low_step,2000-01-01 05:00:00
43,0.000887295273406596,flux-divg,low_step,2000-01-01 05:00:00
44,-0.00010072123853466175,flux-divg,low_step,2000-01-01 05:00:00
45,0.0001913808238355419,flux-divg,low_step,2000-01-01 05:00:00
46,-0.00022999748079082633,flux-divg,low_step,2000-01-01 05:00:00
47,0.00016718935809557944,flux-divg,low_step,2000-01-01 05:00:00
48,0.000327695231377324,flux-divg,low_step,2000-01-01 05:00:00
0,0.0,x-mom,high_step,2000-01-01 05:00:00
1,0.010268816724419594,x-mom,high_step,2000-01-01 05:00:00
2,0.04842522367835045,x-mom,high_step,2000-01-01 05:00:00
3,0.08290965855121613,x-mom,high_step,2000-01-01 05:00:00
4,-0.8767441511154175,x-mom,high_step,2000-01-01 05:00:00
5,0.4339617192745209,x-mom,high_step,2000-01-01 05:00:00
6,129.2670440673828,x-mom,high_step,2000-01-01 05:00:00
7,339.5965270996094,x-mom,high_step,2000-01-01 05:00:00
8,631.3685913085938,x-mom,high_step,2000-01-01 05:00:00
9,-497.3934326171875,x-mom,high_step,2000-01-01 05:00:00
10,-258.4053649902344,x-mom,high_step,2000-01-01 05:00:00
11,-115.79173278808594,x-mom,high_step,2000-01-01 05:00:00
12,-141.280029296875,x-mom,high_step,2000-01-01 05:00:00
13,-129.98590087890625,x-mom,high_step,2000-01-01 05:00:00
14,77.50645446777344,x-mom,high_step,2000-01-01 05:00:00
15,227.22802734375,x-mom,high_step,2000-01-01 05:00:00
16,694.5299682617188,x-mom,high_step,2000-01-01 05:00:00
17,110.73273468017578,x-mom,high_step,2000-01-01 05:00:00
18,43.417049407958984,x-mom,high_step,2000-01-01 05:00:00
19,330.2337951660156,x-mom,high_step,2000-01-01 05:00:00
20,362.16485595703125,x-mom,high_step,2000-01-01 05:00:00
21,109.90782928466797,x-mom,high_step,2000-01-01 05:00:00
22,351.3627014160156,x-mom,high_step,2000-01-01 05:00:00
23,3.131165027618408,x-mom,high_step,2000-01-01 05:00:00
24,8.866943359375,x-mom,high_step,2000-01-01 05:00:00
25,224.1016082763672,x-mom,high_step,2000-01-01 05:00:00
26,116.23098754882812,x-mom,high_step,2000-01-01 05:00:00
27,-25.7774600982666,x-mom,high_step,2000-01-01 05:00:00
28,30.984336853027344,x-mom,high_step,2000-01-01 05:00:00
29,-4.199946403503418,x-mom,high_step,2000-01-01 05:00:00
30,-43.7159538269043,x-mom,high_step,2000-01-01 05:00:00
31,213.9258575439453,x-mom,high_step,2000-01-01 05:00:00
32,185.1165313720703,x-mom,high_step,2000-01-01 05:00:00
33,14.396317481994629,x-mom,high_step,2000-01-01 05:00:00
34,-124.32563018798828,x-mom,high_step,2000-01-01 05:00:00
35,-231.58668518066406,x-mom,high_step,2000-01-01 05:00:00
36,-170.77232360839844,x-mom,high_step,2000-01-01 05:00:00
37,-214.67970275878906,x-mom,high_step,2000-01-01 05:00:00
38,-30.46726417541504,x-mom,high_step,2000-01-01 05:00:00
39,-113.95563507080078,x-mom,high_step,2000-01-01 05:00:00
40,-81.25129699707031,x-mom,high_step,2000-01-01 05:00:00
41,-57.90412902832031,x-mom,high_step,2000-01-01 05:00:00
42,40.084716796875,x-mom,high_step,2000-01-01 05:00:00
43,109.18934631347656,x-mom,high_step,2000-01-01 05:00:00
44,-94.69623565673828,x-mom,high_step,2000-01-01 05:00:00
45,-264.6446838378906,x-mom,high_step,2000-01-01 05:00:00
46,7.053126335144043,x-mom,high_step,2000-01-01 05:00:00
47,-78.86546325683594,x-mom,high_step,2000-01-01 05:00:00
48,1.6154826879501343,x-mom,high_step,2000-01-01 05:00:00
0,0.0,y-mom,high_step,2000-01-01 05:00:00
1,0.001583457924425602,y-mom,high_step,2000-01-01 05:00:00
2,-0.002316507510840893,y-mom,high_step,2000-01-01 05:00:00
3,-0.013729633763432503,y-mom,high_step,2000-01-01 05:00:00
4,-0.2602561116218567,y-mom,high_step,2000-01-01 05:00:00
5,1.6364058256149292,y-mom,high_step,2000-01-01 05:00:00
6,62.71421813964844,y-mom,high_step,2000-01-01 05:00:00
7,5.368327617645264,y-mom,high_step,2000-01-01 05:00:00
8,7.357986927032471,y-mom,high_step,2000-01-01 05:00:00
9,75.4632797241211,y-mom,high_step,2000-01-01 05:00:00
10,28.695112228393555,y-mom,high_step,2000-01-01 05:00:00
11,-6.691368103027344,y-mom,high_step,2000-01-01 05:00:00
12,-37.482383728027344,y-mom,high_step,2000-01-01 05:00:00
13,-2.4411327838897705,y-mom,high_step,2000-01-01 05:00:00
14,-8.930639266967773,y-mom,high_step,2000-01-01 05:00:00
15,11.001054763793945,y-mom,high_step,2000-01-01 05:00:00
16,-15.423050880432129,y-mom,high_step,2000-01-01 05:00:00
17,40.24342346191406,y-mom,high_step,2000-01-01 05:00:00
18,4.398886680603027,y-mom,high_step,2000-01-01 05:00:00
19,48.90635299682617,y-mom,high_step,2000-01-01 05:00:00
20,33.6845703125,y-mom,high_step,2000-01-01 05:00:00
21,-20.313533782958984,y-mom,high_step,2000-01-01 05:00:00
22,1.773080587387085,y-mom,high_step,2000-01-01 05:00:00
23,-19.36894989013672,y-mom,high_step,2000-01-01 05:00:00
24,14.19934368133545,y-mom,high_step,2000-01-01 05:00:00
25,-16.795976638793945,y-mom,high_step,2000-01-01 05:00:00
26,22.194223403930664,y-mom,high_step,2000-01-01 05:00:00
27,-11.299124717712402,y-mom,high_step,2000-01-01 05:00:00
28,-22.932085037231445,y-mom,high_step,2000-01-01 05:00:00
29,-22.80645751953125,y-mom,high_step,2000-01-01 05:00:00
30,2.3873329162597656,y-mom,high_step,2000-01-01 05:00:00
31,30.476648330688477,y-mom,high_step,2000-01-01 05:00:00
32,29.543237686157227,y-mom,high_step,2000-01-01 05:00:00
33,29.05558204650879,y-mom,high_step,2000-01-01 05:00:00
34,-3.184382438659668,y-mom,high_step,2000-01-01 05:00:00
35,-12.737306594848633,y-mom,high_step,2000-01-01 05:00:00
36,3.5740370750427246,y-mom,high_step,2000-01-01 05:00:00
37,28.525394439697266,y-mom,high_step,2000-01-01 05:00:00
38,2.785841703414917,y-mom,high_step,2000-01-01 05:00:00
39,-2.1347715854644775,y-mom,high_step,2000-01-01 05:00:00
40,-20.0618839263916,y-mom,high_step,2000-01-01 05:00:00
41,-19.270673751831055,y-mom,high_step,2000-01-01 05:00:00
42,-10.792661666870117,y-mom,high_step,2000-01-01 05:00:00
43,-27.971677780151367,y-mom,high_step,2000-01-01 05:00:00
44,-37.2220573425293,y-mom,high_step,2000-01-01 05:00:00
45,32.84214782714844,y-mom,high_step,2000-01-01 05:00:00
46,-19.99710464477539,y-mom,high_step,2000-01-01 05:00:00
47,-2.571530342102051,y-mom,high_step,2000-01-01 05:00:00
48,-32.57271194458008,y-mom,high_step,2000-01-01 05:00:00
0,39.04811857199367,z-mom,high_step,2000-01-01 05:00:00
1,27.291112045094938,z-mom,high_step,2000-01-01 05:00:00
2,101.12525712025317,z-mom,high_step,2000-01-01 05:00:00
3,39.55955795094937,z-mom,high_step,2000-01-01 05:00:00
4,140.13351463607594,z-mom,high_step,2000-01-01 05:00:00
5,94.27948971518987,z-mom,high_step,2000-01-01 05:00:00
6,-210.44558939873417,z-mom,high_step,2000-01-01 05:00:00
7,-728.5848101265823,z-mom,high_step,2000-01-01 05:00:00
8,-178.507792721519,z-mom,high_step,2000-01-01 05:00:00
9,22.6732051028481,z-mom,high_step,2000-01-01 05:00:00
10,477.06550632911393,z-mom,high_step,2000-01-01 05:00:00
11,280.1836431962025,z-mom,high_step,2000-01-01 05:00:00
12,-157.87978639240507,z-mom,high_step,2000-01-01 05:00:00
13,-132.5419106012658,z-mom,high_step,2000-01-01 05:00:00
14,183.74462025316456,z-mom,high_step,2000-01-01 05:00:00
15,-269.371894778481,z-mom,high_step,2000-01-01 05:00:00
16,-288.62007515822785,z-mom,high_step,2000-01-01 05:00:00
17,-189.85379746835443,z-mom,high_step,2000-01-01 05:00:00
18,-236.65,z-mom,high_step,2000-01-01 05:00:00
19,-355.5056170886076,z-mom,high_step,2000-01-01 05:00:00
20,-42.41959553006329,z-mom,high_step,2000-01-01 05:00:00
21,-445.21574367088607,z-mom,high_step,2000-01-01 05:00:00
22,-205.28324762658227,z-mom,high_step,2000-01-01 05:00:00
23,-263.4975870253165,z-mom,high_step,2000-01-01 05:00:00
24,-168.90166139240506,z-mom,high_step,2000-01-01 05:00:00
25,-173.52037183544303,z-mom,high_step,2000-01-01 05:00:00
26,43.27160799050633,z-mom,high_step,2000-01-01 05:00:00
27,-65.13140328322785,z-mom,high_step,2000-01-01 05:00:00
28,-17.8482051028481,z-mom,high_step,2000-01-01 05:00:00
29,7.888857298259493,z-mom,high_step,2000-01-01 05:00:00
30,-13.46258653085443,z-mom,high_step,2000-01-01 05:00:00
31,-61.7619511471519,z-mom,high_step,2000-01-01 05:00:00
32,189.26724683544305,z-mom,high_step,2000-01-01 05:00:00
33,169.44020965189873,z-mom,high_step,2000-01-01 05:00:00
34,44.99762658227848,z-mom,high_step,2000-01-01 05:00:00
35,-128.35462816455697,z-mom,high_step,2000-01-01 05:00:00
36,-27.463689181170885,z-mom,high_step,2000-01-01 05:00:00
37,-76.17971716772152,z-mom,high_step,2000-01-01 05:00:00
38,-3.9521484375,z-mom,high_step,2000-01-01 05:00:00
39,-104.62335838607595,z-mom,high_step,2000-01-01 05:00:00
40,-139.51940268987343,z-mom,high_step,2000-01-01 05:00:00
41,-137.55350079113924,z-mom,high_step,2000-01-01 05:00:00
42,-109.45682357594937,z-mom,high_step,2000-01-01 05:00:00
43,-8.41961036392405,z-mom,high_step,2000-01-01 05:00:00
44,-106.5379647943038,z-mom,high_step,2000-01-01 05:00:00
45,-112.40658623417721,z-mom,high_step,2000-01-01 05:00:00
46,-3.8175039556962025,z-mom,high_step,2000-01-01 05:00:00
47,-9.383054786392405,z-mom,high_step,2000-01-01 05:00:00
48,-154.91331091772153,z-mom,high_step,2000-01-01 05:00:00
0,0.0,x-press,high_step,2000-01-01 05:00:00
1,1.631267309676332e-06,x-press,high_step,2000-01-01 05:00:00
2,3.2931409350567264e-06,x-press,high_step,2000-01-01 05:00:00
3,-4.958922090736451e-06,x-press,high_step,2000-01-01 05:00:00
4,-0.000261065288214013,x-press,high_step,2000-01-01 05:00:00
5,-0.00017735292203724384,x-press,high_step,2000-01-01 05:00:00
6,-0.0001871672284323722,x-press,high_step,2000-01-01 05:00:00
7,-0.00026616742252372205,x-press,high_step,2000-01-01 05:00:00
8,-0.0008242373587563634,x-press,high_step,2000-01-01 05:00:00
9,0.00016271646018140018,x-press,high_step,2000-01-01 05:00:00
10,0.00024654794833622873,x-press,high_step,2000-01-01 05:00:00
11,-0.0002464971912559122,x-press,high_step,2000-01-01 05:00:00
12,0.0004434174916241318,x-press,high_step,2000-01-01 05:00:00
13,0.0004309821524657309,x-press,high_step,2000-01-01 05:00:00
14,0.0006631371797993779,x-press,high_step,2000-01-01 05:00:00
15,0.00041847117245197296,x-press,high_step,2000-01-01 05:00:00
16,0.0004373652336653322,x-press,high_step,2000-01-01 05:00:00
17,-0.0005070070037618279,x-press,high_step,2000-01-01 05:00:00
18,-0.0011123783187940717,x-press,high_step,2000-01-01 05:00:00
19,-0.0016263003926724195,x-press,high_step,2000-01-01 05:00:00
20,-0.0006896626437082887,x-press,high_step,2000-01-01 05:00:00
21,-0.0021630902774631977,x-press,high_step,2000-01-01 05:00:00
22,-0.0020383652299642563,x-press,high_step,2000-01-01 05:00:00
23,-0.0004581646644510329,x-press,high_step,2000-01-01 05:00:00
24,-0.0005296662566252053,x-press,high_step,2000-01-01 05:00:00
25,-0.0003279172524344176,x-press,high_step,2000-01-01 05:00:00
26,-0.0015002096770331264,x-press,high_step,2000-01-01 05:00:00
27,-0.001416748040355742,x-press,high_step,2000-01-01 05:00:00
28,-0.0006364735891111195,x-press,high_step,2000-01-01 05:00:00
29,0.0006450226064771414,x-press,high_step,2000-01-01 05:00:00
30,0.0006233857129700482,x-press,high_step,2000-01-01 05:00:00
31,-6.676734483335167e-05,x-press,high_step,2000-01-01 05:00:00
32,-0.0019065840169787407,x-press,high_step,2000-01-01 05:00:00
33,-0.0023302447516471148,x-press,high_step,2000-01-01 05:00:00
34,-4.794623237103224e-05,x-press,high_step,2000-01-01 05:00:00
35,-0.001559063675813377,x-press,high_step,2000-01-01 05:00:00
36,0.0006956693832762539,x-press,high_step,2000-01-01 05:00:00
37,-0.0027782530523836613,x-press,high_step,2000-01-01 05:00:00
38,-0.0017523345304653049,x-press,high_step,2000-01-01 05:00:00
39,-0.001574309659190476,x-press,high_step,2000-01-01 05:00:00
40,-0.0018517955904826522,x-press,high_step,2000-01-01 05:00:00
41,-0.002136900555342436,x-press,high_step,2000-01-01 05:00:00
42,-0.0006895760307088494,x-press,high_step,2000-01-01 05:00:00
43,0.00043903684127144516,x-press,high_step,2000-01-01 05:00:00
44,-0.0010160984238609672,x-press,high_step,2000-01-01 05:00:00
45,-0.001949287368915975,x-press,high_step,2000-01-01 05:00:00
46,0.0006788701866753399,x-press,high_step,2000-01-01 05:00:00
47,0.0006247662822715938,x-press,high_step,2000-01-01 05:00:00
48,-9.582474012859166e-05,x-press,high_step,2000-01-01 05:00:00
0,-0.0,flux-divg,high_step,2000-01-01 05:00:00
1,1.5466454421417586e-05,flux-divg,high_step,2000-01-01 05:00:00
2,0.0006580813250964197,flux-divg,high_step,2000-01-01 05:00:00
3,0.000829117555256131,flux-divg,high_step,2000-01-01 05:00:00
4,0.0010076674062994462,flux-divg,high_step,2000-01-01 05:00:00
5,0.0006501976998244663,flux-divg,high_step,2000-01-01 05:00:00
6,-0.00032437968580028675,flux-divg,high_step,2000-01-01 05:00:00
7,-0.0013212155127223532,flux-divg,high_step,2000-01-01 05:00:00
8,0.0007982638588434536,flux-divg,high_step,2000-01-01 05:00:00
9,0.0009149657276008707,flux-divg,high_step,2000-01-01 05:00:00
10,0.0021932492335838614,flux-divg,high_step,2000-01-01 05:00:00
11,0.0014056336453594734,flux-divg,high_step,2000-01-01 05:00:00
12,5.7935883727254556e-05,flux-divg,high_step,2000-01-01 05:00:00
13,0.00116323531138746,flux-divg,high_step,2000-01-01 05:00:00
14,0.0016844978738132905,flux-divg,high_step,2000-01-01 05:00:00
15,-4.030322497404093e-05,flux-divg,high_step,2000-01-01 05:00:00
16,-7.526082485536989e-05,flux-divg,high_step,2000-01-01 05:00:00
17,0.0009554649275767651,flux-divg,high_step,2000-01-01 05:00:00
18,0.001087779127676276,flux-divg,high_step,2000-01-01 05:00:00
19,-0.0003326855468750001,flux-divg,high_step,2000-01-01 05:00:00
20,-0.0011239471358287182,flux-divg,high_step,2000-01-01 05:00:00
21,-0.0010970987402034711,flux-divg,high_step,2000-01-01 05:00:00
22,-0.0005604642225820808,flux-divg,high_step,2000-01-01 05:00:00
23,-0.0010403031428856185,flux-divg,high_step,2000-01-01 05:00:00
24,-0.0015186843432655817,flux-divg,high_step,2000-01-01 05:00:00
25,-0.0008482305096976364,flux-divg,high_step,2000-01-01 05:00:00
26,-6.495805185052428e-05,flux-divg,high_step,2000-01-01 05:00:00
27,0.00015991263377515574,flux-divg,high_step,2000-01-01 05:00:00
28,0.0009217571411857121,flux-divg,high_step,2000-01-01 05:00:00
29,0.000614606609103046,flux-divg,high_step,2000-01-01 05:00:00
30,-0.00021736333774614947,flux-divg,high_step,2000-01-01 05:00:00
31,-0.0008666082609152492,flux-divg,high_step,2000-01-01 05:00:00
32,-0.00018858314224436313,flux-divg,high_step,2000-01-01 05:00:00
33,-0.0015443428676943237,flux-divg,high_step,2000-01-01 05:00:00
34,0.00038212398094466973,flux-divg,high_step,2000-01-01 05:00:00
35,-0.0008768958591509468,flux-divg,high_step,2000-01-01 05:00:00
36,1.1896076443829173e-05,flux-divg,high_step,2000-01-01 05:00:00
37,0.00042150768424891225,flux-divg,high_step,2000-01-01 05:00:00
38,-0.00014002351785007906,flux-divg,high_step,2000-01-01 05:00:00
39,-0.00026555856867681576,flux-divg,high_step,2000-01-01 05:00:00
40,-0.0004820900330362441,flux-divg,high_step,2000-01-01 05:00:00
41,-0.000997916157396534,flux-divg,high_step,2000-01-01 05:00:00
42,-0.0004320116917091079,flux-divg,high_step,2000-01-01 05:00:00
43,-2.5342899757095583e-05,flux-divg,high_step,2000-01-01 05:00:00
44,4.616499526591239e-05,flux-divg,high_step,2000-01-01 05:00:00
45,-9.035016699682297e-05,flux-divg,high_step,2000-01-01 05:00:00
46,0.0007992850755136225,flux-divg,high_step,2000-01-01 05:00:00
47,0.0003397118174878857,flux-divg,high_step,2000-01-01 05:00:00
48,-0.0004938160077831413,flux-divg,high_step,2000-01-01 05:00:00
